time,elapsed_total_s,ai0,ai1,ai2
2026-02-27T11:41:29.394183+00:00,0.0,2.7658738230000006,2.401792878,2.5294076420000002
2026-02-27T11:41:29.594627+00:00,0.2,2.766830511,2.4021086400000002,2.5290893420000002
2026-02-27T11:41:29.813236+00:00,0.419,2.766830511,2.4021086400000002,2.5297259420000002
2026-02-27T11:41:30.015887+00:00,0.622,2.7658738230000006,2.4033716880000005,2.5297259420000002
2026-02-27T11:41:30.217949+00:00,0.824,2.7658738230000006,2.4030559260000004,2.5297259420000002
2026-02-27T11:41:30.420916+00:00,1.027,2.7658738230000006,2.4021086400000002,2.530362542
2026-02-27T11:41:30.612784+00:00,1.219,2.7674683030000002,2.4030559260000004,2.530999142
2026-02-27T11:41:30.825000+00:00,1.431,2.7658738230000006,2.4024244020000003,2.5290893420000002
2026-02-27T11:41:31.025938+00:00,1.632,2.7645982390000006,2.4005298300000004,2.5262246420000003
2026-02-27T11:41:31.200936+00:00,1.807,2.7681060950000003,2.4030559260000004,2.530044242
2026-02-27T11:41:31.468142+00:00,2.074,2.7658738230000006,2.4021086400000002,2.5290893420000002
2026-02-27T11:41:31.655895+00:00,2.262,2.7658738230000006,2.4030559260000004,2.5290893420000002
2026-02-27T11:41:31.885757+00:00,2.492,2.7655549270000006,2.4021086400000002,2.5290893420000002
2026-02-27T11:41:32.088340+00:00,2.694,2.766511615,2.4024244020000003,2.5287710420000002
2026-02-27T11:41:32.288190+00:00,2.894,2.766511615,2.4027401640000003,2.5290893420000002
2026-02-27T11:41:32.493096+00:00,3.099,2.766830511,2.401792878,2.5290893420000002
2026-02-27T11:41:32.670390+00:00,3.276,2.7652360310000006,2.4014771160000006,2.5281344420000003
2026-02-27T11:41:32.923994+00:00,3.53,2.7658738230000006,2.4021086400000002,2.5287710420000002
2026-02-27T11:41:33.134682+00:00,3.74,2.7655549270000006,2.4027401640000003,2.5290893420000002
2026-02-27T11:41:33.326061+00:00,3.932,2.7645982390000006,2.401792878,2.5278161420000003
2026-02-27T11:41:33.542827+00:00,4.149,2.766511615,2.4021086400000002,2.5284527420000003
2026-02-27T11:41:33.761242+00:00,4.367,2.7645982390000006,2.4021086400000002,2.5281344420000003
2026-02-27T11:41:33.971268+00:00,4.577,2.7652360310000006,2.4021086400000002,2.5294076420000002
2026-02-27T11:41:34.174702+00:00,4.781,2.766511615,2.4027401640000003,2.5287710420000002
2026-02-27T11:41:34.362960+00:00,4.969,2.766511615,2.4021086400000002,2.5290893420000002
2026-02-27T11:41:34.565367+00:00,5.171,2.7658738230000006,2.4024244020000003,2.5294076420000002
2026-02-27T11:41:34.764693+00:00,5.371,2.7645982390000006,2.4014771160000006,2.5281344420000003
2026-02-27T11:41:34.968303+00:00,5.574,2.7677871990000003,2.4049504980000003,2.531317442
2026-02-27T11:41:35.168152+00:00,5.774,2.766830511,2.4021086400000002,2.5290893420000002
2026-02-27T11:41:35.343691+00:00,5.95,2.766830511,2.4021086400000002,2.5294076420000002
2026-02-27T11:41:35.527040+00:00,6.133,2.7658738230000006,2.4024244020000003,2.5297259420000002
2026-02-27T11:41:35.729700+00:00,6.336,2.7655549270000006,2.4030559260000004,2.530044242
2026-02-27T11:41:35.930614+00:00,6.536,2.766511615,2.4027401640000003,2.5290893420000002
2026-02-27T11:41:36.133233+00:00,6.739,2.7649171350000006,2.4024244020000003,2.5284527420000003
2026-02-27T11:41:36.337964+00:00,6.944,2.7658738230000006,2.4024244020000003,2.5290893420000002
2026-02-27T11:41:36.513710+00:00,7.12,2.7652360310000006,2.4036874500000005,2.5287710420000002
2026-02-27T11:41:36.699210+00:00,7.305,2.7658738230000006,2.4021086400000002,2.5287710420000002
2026-02-27T11:41:36.914247+00:00,7.52,2.7658738230000006,2.4024244020000003,2.5287710420000002
2026-02-27T11:41:37.117308+00:00,7.723,2.7658738230000006,2.4027401640000003,2.5294076420000002
2026-02-27T11:41:37.319377+00:00,7.925,2.766830511,2.4027401640000003,2.5297259420000002
2026-02-27T11:41:37.505013+00:00,8.111,2.7661927190000006,2.4030559260000004,2.5294076420000002
2026-02-27T11:41:37.706020+00:00,8.312,2.766511615,2.4027401640000003,2.5294076420000002
2026-02-27T11:41:37.905863+00:00,8.512,2.766511615,2.4030559260000004,2.5284527420000003
2026-02-27T11:41:38.111023+00:00,8.717,2.7655549270000006,2.4014771160000006,2.5294076420000002
2026-02-27T11:41:38.308947+00:00,8.915,2.7649171350000006,2.4030559260000004,2.5290893420000002
2026-02-27T11:41:38.511233+00:00,9.117,2.766511615,2.4027401640000003,2.5287710420000002
2026-02-27T11:41:38.685271+00:00,9.291,2.766511615,2.401792878,2.5294076420000002
2026-02-27T11:41:38.884322+00:00,9.49,2.7709761590000004,2.4077923560000003,2.536091942
2026-02-27T11:41:39.085271+00:00,9.691,2.766511615,2.4030559260000004,2.530680842
2026-02-27T11:41:39.284832+00:00,9.891,2.766511615,2.4021086400000002,2.5290893420000002
2026-02-27T11:41:39.504294+00:00,10.11,2.766511615,2.4024244020000003,2.5287710420000002
2026-02-27T11:41:39.705667+00:00,10.311,2.7655549270000006,2.4021086400000002,2.5290893420000002
2026-02-27T11:41:39.909236+00:00,10.515,2.766511615,2.4024244020000003,2.5287710420000002
2026-02-27T11:41:40.113353+00:00,10.719,2.766830511,2.401792878,2.5287710420000002
2026-02-27T11:41:40.330493+00:00,10.936,2.766511615,2.4027401640000003,2.5290893420000002
2026-02-27T11:41:40.531006+00:00,11.137,2.7661927190000006,2.401792878,2.5294076420000002
2026-02-27T11:41:40.734738+00:00,11.341,2.7534368790000006,2.3923200180000004,2.5160390420000005
2026-02-27T11:41:40.935754+00:00,11.542,2.766830511,2.4030559260000004,2.5294076420000002
2026-02-27T11:41:41.142141+00:00,11.748,2.7677871990000003,2.4024244020000003,2.5294076420000002
2026-02-27T11:41:41.339992+00:00,11.946,2.766511615,2.4030559260000004,2.5297259420000002
2026-02-27T11:41:41.531340+00:00,12.137,2.7661927190000006,2.4030559260000004,2.5290893420000002
2026-02-27T11:41:41.734481+00:00,12.34,2.7658738230000006,2.401792878,2.5290893420000002
2026-02-27T11:41:41.934790+00:00,12.541,2.7658738230000006,2.4030559260000004,2.5290893420000002
2026-02-27T11:41:42.106056+00:00,12.712,2.766830511,2.4021086400000002,2.5284527420000003
2026-02-27T11:41:42.310271+00:00,12.916,2.7655549270000006,2.4024244020000003,2.5287710420000002
2026-02-27T11:41:42.482971+00:00,13.089,2.7655549270000006,2.4030559260000004,2.5294076420000002
2026-02-27T11:41:42.668564+00:00,13.274,2.7671494070000002,2.4021086400000002,2.5294076420000002
2026-02-27T11:41:42.869435+00:00,13.475,2.7658738230000006,2.4030559260000004,2.5290893420000002
2026-02-27T11:41:43.073569+00:00,13.679,2.7661927190000006,2.4030559260000004,2.5287710420000002
2026-02-27T11:41:43.260215+00:00,13.866,2.7655549270000006,2.4021086400000002,2.5290893420000002
2026-02-27T11:41:43.464364+00:00,14.07,2.7655549270000006,2.4024244020000003,2.5294076420000002
2026-02-27T11:41:43.665268+00:00,14.271,2.766830511,2.4021086400000002,2.5297259420000002
2026-02-27T11:41:43.869411+00:00,14.475,2.7655549270000006,2.4024244020000003,2.5284527420000003
2026-02-27T11:41:44.043250+00:00,14.649,2.7655549270000006,2.4027401640000003,2.5297259420000002
2026-02-27T11:41:44.254299+00:00,14.86,2.766511615,2.4011613540000005,2.5287710420000002
2026-02-27T11:41:44.455705+00:00,15.062,2.766830511,2.4033716880000005,2.5281344420000003
2026-02-27T11:41:44.657833+00:00,15.264,2.7658738230000006,2.4024244020000003,2.5290893420000002
2026-02-27T11:41:44.859969+00:00,15.466,2.766511615,2.4021086400000002,2.5294076420000002
2026-02-27T11:41:45.063824+00:00,15.67,2.766830511,2.4024244020000003,2.5290893420000002
2026-02-27T11:41:45.263230+00:00,15.869,2.7681060950000003,2.404634736,2.530999142
2026-02-27T11:41:45.450782+00:00,16.057,2.7658738230000006,2.4027401640000003,2.5297259420000002
2026-02-27T11:41:45.655652+00:00,16.261,2.766830511,2.4021086400000002,2.5294076420000002
2026-02-27T11:41:45.857982+00:00,16.464,2.7661927190000006,2.4027401640000003,2.5287710420000002
2026-02-27T11:41:46.061226+00:00,16.667,2.7655549270000006,2.4030559260000004,2.5294076420000002
2026-02-27T11:41:46.265986+00:00,16.872,2.7661927190000006,2.4030559260000004,2.5297259420000002
2026-02-27T11:41:46.469734+00:00,17.076,2.7658738230000006,2.4021086400000002,2.5281344420000003
2026-02-27T11:41:46.676270+00:00,17.282,2.7658738230000006,2.4027401640000003,2.5290893420000002
2026-02-27T11:41:46.876426+00:00,17.482,2.7658738230000006,2.401792878,2.5294076420000002
2026-02-27T11:41:47.080549+00:00,17.686,2.7658738230000006,2.4021086400000002,2.5287710420000002
2026-02-27T11:41:47.281604+00:00,17.887,2.7649171350000006,2.4021086400000002,2.5287710420000002
2026-02-27T11:41:47.486793+00:00,18.093,2.7661927190000006,2.4021086400000002,2.530362542
2026-02-27T11:41:47.688268+00:00,18.294,2.766830511,2.4024244020000003,2.5290893420000002
2026-02-27T11:41:47.859135+00:00,18.465,2.7658738230000006,2.4027401640000003,2.5297259420000002
2026-02-27T11:41:48.064267+00:00,18.67,2.7655549270000006,2.4021086400000002,2.5294076420000002
2026-02-27T11:41:48.266678+00:00,18.872,2.7658738230000006,2.4024244020000003,2.5297259420000002
2026-02-27T11:41:48.468741+00:00,19.075,2.7652360310000006,2.4024244020000003,2.5290893420000002
2026-02-27T11:41:48.670040+00:00,19.276,2.7652360310000006,2.4030559260000004,2.5297259420000002
2026-02-27T11:41:48.872891+00:00,19.479,2.766830511,2.4027401640000003,2.530362542
2026-02-27T11:41:49.074082+00:00,19.68,2.7655549270000006,2.4021086400000002,2.5287710420000002
2026-02-27T11:41:49.279172+00:00,19.885,2.7652360310000006,2.4030559260000004,2.5290893420000002
2026-02-27T11:41:49.451417+00:00,20.057,2.7661927190000006,2.4030559260000004,2.5294076420000002
2026-02-27T11:41:49.638650+00:00,20.244,2.7674683030000002,2.4033716880000005,2.530999142
2026-02-27T11:41:49.826703+00:00,20.433,2.7658738230000006,2.4024244020000003,2.5287710420000002
2026-02-27T11:41:50.012744+00:00,20.619,2.7661927190000006,2.4030559260000004,2.5290893420000002
2026-02-27T11:41:50.227017+00:00,20.833,2.766511615,2.4030559260000004,2.5297259420000002
2026-02-27T11:41:50.430641+00:00,21.036,2.7677871990000003,2.4052662600000003,2.531954042
2026-02-27T11:41:50.606521+00:00,21.212,2.7649171350000006,2.4024244020000003,2.5294076420000002
2026-02-27T11:41:50.823273+00:00,21.429,2.766511615,2.4030559260000004,2.5290893420000002
2026-02-27T11:41:50.996368+00:00,21.602,2.766511615,2.4030559260000004,2.5290893420000002
2026-02-27T11:41:51.210126+00:00,21.816,2.766830511,2.4027401640000003,2.5297259420000002
2026-02-27T11:41:51.412544+00:00,22.018,2.766830511,2.4024244020000003,2.5287710420000002
2026-02-27T11:41:51.616997+00:00,22.223,2.766511615,2.4027401640000003,2.5290893420000002
2026-02-27T11:41:51.821462+00:00,22.427,2.7677871990000003,2.4027401640000003,2.5287710420000002
2026-02-27T11:41:52.036538+00:00,22.642,2.766830511,2.4033716880000005,2.5297259420000002
2026-02-27T11:41:52.239113+00:00,22.845,2.7655549270000006,2.4021086400000002,2.5290893420000002
2026-02-27T11:41:52.438859+00:00,23.045,2.7652360310000006,2.4014771160000006,2.5281344420000003
2026-02-27T11:41:52.643470+00:00,23.249,2.7671494070000002,2.4027401640000003,2.5290893420000002
2026-02-27T11:41:52.848481+00:00,23.454,2.7652360310000006,2.4021086400000002,2.5290893420000002
2026-02-27T11:41:53.064784+00:00,23.671,2.7655549270000006,2.4027401640000003,2.5294076420000002
2026-02-27T11:41:53.266362+00:00,23.872,2.766511615,2.4033716880000005,2.5297259420000002
2026-02-27T11:41:53.471575+00:00,24.077,2.7655549270000006,2.4021086400000002,2.5287710420000002
2026-02-27T11:41:53.673258+00:00,24.279,2.7652360310000006,2.4033716880000005,2.530044242
2026-02-27T11:41:53.874291+00:00,24.48,2.7671494070000002,2.4024244020000003,2.5294076420000002
2026-02-27T11:41:54.078537+00:00,24.684,2.7652360310000006,2.4033716880000005,2.5290893420000002
2026-02-27T11:41:54.281074+00:00,24.887,2.766511615,2.4024244020000003,2.5290893420000002
2026-02-27T11:41:54.481978+00:00,25.088,2.7658738230000006,2.4027401640000003,2.5294076420000002
2026-02-27T11:41:54.685885+00:00,25.292,2.7690627830000003,2.4036874500000005,2.531635742
2026-02-27T11:41:54.889161+00:00,25.495,2.766511615,2.4030559260000004,2.5297259420000002
2026-02-27T11:41:55.059833+00:00,25.666,2.766830511,2.4027401640000003,2.530044242
2026-02-27T11:41:55.260469+00:00,25.866,2.7763973910000006,2.4134760720000004,2.5402298420000005
2026-02-27T11:41:55.464328+00:00,26.07,2.7652360310000006,2.4033716880000005,2.5294076420000002
2026-02-27T11:41:55.649030+00:00,26.255,2.766511615,2.4027401640000003,2.530044242
2026-02-27T11:41:55.825848+00:00,26.432,2.7693816790000003,2.4049504980000003,2.532272342
2026-02-27T11:41:56.036356+00:00,26.642,2.7655549270000006,2.4027401640000003,2.5287710420000002
2026-02-27T11:41:56.243565+00:00,26.849,2.7652360310000006,2.4024244020000003,2.5294076420000002
2026-02-27T11:41:56.446376+00:00,27.052,2.7658738230000006,2.4036874500000005,2.5297259420000002
2026-02-27T11:41:56.646351+00:00,27.252,2.7674683030000002,2.4021086400000002,2.5294076420000002
2026-02-27T11:41:56.849456+00:00,27.455,2.7655549270000006,2.4033716880000005,2.5287710420000002
2026-02-27T11:41:57.050570+00:00,27.656,2.766511615,2.4030559260000004,2.5297259420000002
2026-02-27T11:41:57.254350+00:00,27.86,2.7655549270000006,2.4030559260000004,2.5287710420000002
2026-02-27T11:41:57.440189+00:00,28.046,2.7658738230000006,2.4027401640000003,2.5290893420000002
2026-02-27T11:41:57.641335+00:00,28.247,2.7649171350000006,2.4021086400000002,2.5278161420000003
2026-02-27T11:41:57.846808+00:00,28.453,2.7655549270000006,2.4021086400000002,2.5287710420000002
2026-02-27T11:41:58.048220+00:00,28.654,2.766511615,2.4030559260000004,2.530362542
2026-02-27T11:41:58.248842+00:00,28.855,2.7658738230000006,2.4030559260000004,2.5281344420000003
2026-02-27T11:41:58.451626+00:00,29.057,2.7655549270000006,2.4027401640000003,2.5287710420000002
2026-02-27T11:41:58.621297+00:00,29.227,2.7732084310000005,2.4068450700000006,2.535137042
2026-02-27T11:41:58.832187+00:00,29.438,2.7655549270000006,2.4021086400000002,2.5284527420000003
2026-02-27T11:41:59.047136+00:00,29.653,2.766511615,2.4021086400000002,2.5290893420000002
2026-02-27T11:41:59.250801+00:00,29.857,2.7661927190000006,2.4024244020000003,2.5294076420000002
2026-02-27T11:41:59.453664+00:00,30.059,2.7636415510000005,2.4008455920000005,2.5252697420000003
2026-02-27T11:41:59.656419+00:00,30.262,2.766511615,2.4024244020000003,2.5294076420000002
2026-02-27T11:41:59.859438+00:00,30.465,2.766511615,2.401792878,2.5284527420000003
2026-02-27T11:42:00.061578+00:00,30.667,2.766511615,2.4027401640000003,2.5290893420000002
2026-02-27T11:42:00.264532+00:00,30.87,2.7661927190000006,2.4027401640000003,2.5287710420000002
2026-02-27T11:42:00.436429+00:00,31.042,2.7661927190000006,2.4024244020000003,2.5287710420000002
2026-02-27T11:42:00.606024+00:00,31.212,2.7661927190000006,2.4030559260000004,2.5290893420000002
2026-02-27T11:42:00.806300+00:00,31.412,2.7652360310000006,2.4021086400000002,2.5290893420000002
2026-02-27T11:42:00.981532+00:00,31.587,2.7645982390000006,2.4030559260000004,2.5290893420000002
2026-02-27T11:42:01.195339+00:00,31.801,2.7645982390000006,2.4021086400000002,2.5287710420000002
2026-02-27T11:42:01.395353+00:00,32.001,2.7652360310000006,2.4021086400000002,2.5284527420000003
2026-02-27T11:42:01.597664+00:00,32.203,2.7671494070000002,2.4030559260000004,2.5287710420000002
2026-02-27T11:42:01.784247+00:00,32.39,2.7658738230000006,2.4030559260000004,2.5290893420000002
2026-02-27T11:42:01.986486+00:00,32.592,2.7658738230000006,2.4027401640000003,2.5287710420000002
2026-02-27T11:42:02.175376+00:00,32.781,2.7655549270000006,2.4027401640000003,2.5290893420000002
2026-02-27T11:42:02.382475+00:00,32.988,2.7687438870000003,2.4036874500000005,2.530362542
2026-02-27T11:42:02.581893+00:00,33.188,2.7658738230000006,2.4021086400000002,2.5294076420000002
2026-02-27T11:42:02.783763+00:00,33.39,2.7658738230000006,2.4024244020000003,2.5290893420000002
2026-02-27T11:42:02.986730+00:00,33.593,2.7655549270000006,2.4021086400000002,2.5284527420000003
2026-02-27T11:42:03.187682+00:00,33.793,2.7649171350000006,2.4021086400000002,2.5287710420000002
2026-02-27T11:42:03.392147+00:00,33.998,2.766830511,2.401792878,2.5284527420000003
2026-02-27T11:42:03.593556+00:00,34.199,2.7658738230000006,2.401792878,2.5287710420000002
2026-02-27T11:42:03.795265+00:00,34.401,2.7661927190000006,2.4027401640000003,2.5287710420000002
2026-02-27T11:42:03.966360+00:00,34.572,2.766511615,2.4027401640000003,2.5294076420000002
2026-02-27T11:42:04.171185+00:00,34.777,2.7661927190000006,2.4024244020000003,2.5294076420000002
2026-02-27T11:42:04.372741+00:00,34.979,2.7655549270000006,2.4024244020000003,2.530044242
2026-02-27T11:42:04.544375+00:00,35.15,2.7658738230000006,2.4027401640000003,2.5297259420000002
2026-02-27T11:42:04.745346+00:00,35.351,2.7661927190000006,2.4027401640000003,2.5294076420000002
2026-02-27T11:42:04.948352+00:00,35.554,2.766511615,2.4030559260000004,2.530044242
2026-02-27T11:42:05.121625+00:00,35.727,2.766830511,2.4024244020000003,2.5297259420000002
2026-02-27T11:42:05.309763+00:00,35.916,2.7674683030000002,2.4036874500000005,2.5294076420000002
2026-02-27T11:42:05.526240+00:00,36.132,2.7649171350000006,2.4021086400000002,2.5284527420000003
2026-02-27T11:42:05.702365+00:00,36.308,2.7658738230000006,2.4036874500000005,2.5290893420000002
2026-02-27T11:42:05.916564+00:00,36.522,2.7661927190000006,2.4027401640000003,2.5294076420000002
2026-02-27T11:42:06.119167+00:00,36.725,2.7655549270000006,2.4021086400000002,2.5290893420000002
2026-02-27T11:42:06.305955+00:00,36.912,2.7661927190000006,2.4021086400000002,2.5287710420000002
2026-02-27T11:42:06.505233+00:00,37.111,2.7655549270000006,2.4030559260000004,2.5290893420000002
2026-02-27T11:42:06.707772+00:00,37.314,2.7677871990000003,2.4033716880000005,2.5297259420000002
2026-02-27T11:42:06.909622+00:00,37.515,2.7655549270000006,2.4036874500000005,2.5294076420000002
2026-02-27T11:42:07.115214+00:00,37.721,2.7655549270000006,2.401792878,2.5278161420000003
2026-02-27T11:42:07.318064+00:00,37.924,2.7706572630000004,2.4062135460000005,2.532590642
2026-02-27T11:42:07.534831+00:00,38.141,2.7658738230000006,2.4021086400000002,2.5294076420000002
2026-02-27T11:42:07.734747+00:00,38.341,2.766511615,2.4030559260000004,2.5287710420000002
2026-02-27T11:42:07.940167+00:00,38.546,2.7661927190000006,2.4027401640000003,2.5294076420000002
2026-02-27T11:42:08.142700+00:00,38.749,2.7661927190000006,2.4033716880000005,2.5284527420000003
2026-02-27T11:42:08.344317+00:00,38.95,2.7655549270000006,2.4030559260000004,2.5287710420000002
2026-02-27T11:42:08.547809+00:00,39.154,2.7661927190000006,2.4030559260000004,2.5284527420000003
2026-02-27T11:42:08.752453+00:00,39.358,2.7655549270000006,2.4021086400000002,2.5278161420000003
2026-02-27T11:42:08.967449+00:00,39.573,2.766830511,2.4040032120000006,2.531317442
2026-02-27T11:42:09.168334+00:00,39.774,2.7655549270000006,2.4021086400000002,2.5281344420000003
2026-02-27T11:42:09.373258+00:00,39.979,2.766830511,2.4021086400000002,2.5287710420000002
2026-02-27T11:42:09.577197+00:00,40.183,2.7642793430000006,2.4036874500000005,2.5287710420000002
2026-02-27T11:42:09.750445+00:00,40.356,2.7661927190000006,2.4027401640000003,2.5297259420000002
2026-02-27T11:42:09.963274+00:00,40.569,2.7524801910000005,2.3926357800000004,2.5150841420000005
2026-02-27T11:42:10.165602+00:00,40.771,2.7655549270000006,2.4024244020000003,2.5287710420000002
2026-02-27T11:42:10.367354+00:00,40.973,2.7652360310000006,2.4030559260000004,2.5294076420000002
2026-02-27T11:42:10.569544+00:00,41.175,2.7655549270000006,2.4027401640000003,2.5290893420000002
2026-02-27T11:42:10.773066+00:00,41.379,2.766830511,2.4027401640000003,2.5287710420000002
2026-02-27T11:42:10.977193+00:00,41.583,2.7658738230000006,2.4024244020000003,2.5284527420000003
2026-02-27T11:42:11.179606+00:00,41.785,2.7658738230000006,2.4027401640000003,2.530044242
2026-02-27T11:42:11.380297+00:00,41.986,2.7674683030000002,2.4040032120000006,2.530362542
2026-02-27T11:42:11.582297+00:00,42.188,2.766830511,2.4027401640000003,2.5294076420000002
2026-02-27T11:42:11.803579+00:00,42.409,2.7661927190000006,2.4021086400000002,2.5297259420000002
2026-02-27T11:42:12.018533+00:00,42.624,2.766511615,2.4033716880000005,2.5294076420000002
2026-02-27T11:42:12.219228+00:00,42.825,2.7658738230000006,2.401792878,2.5294076420000002
2026-02-27T11:42:12.421575+00:00,43.027,2.7575825270000003,2.3954776380000005,2.5195403420000004
2026-02-27T11:42:12.626787+00:00,43.233,2.7655549270000006,2.4027401640000003,2.5294076420000002
2026-02-27T11:42:12.828030+00:00,43.434,2.766511615,2.4027401640000003,2.5294076420000002
2026-02-27T11:42:13.030087+00:00,43.636,2.7658738230000006,2.4027401640000003,2.5287710420000002
2026-02-27T11:42:13.217908+00:00,43.824,2.7690627830000003,2.4052662600000003,2.531635742
2026-02-27T11:42:13.420739+00:00,44.027,2.766511615,2.4027401640000003,2.5297259420000002
2026-02-27T11:42:13.623682+00:00,44.229,2.7658738230000006,2.4030559260000004,2.5294076420000002
2026-02-27T11:42:13.827356+00:00,44.433,2.766511615,2.4027401640000003,2.5294076420000002
2026-02-27T11:42:14.029802+00:00,44.636,2.7655549270000006,2.401792878,2.5284527420000003
2026-02-27T11:42:14.232250+00:00,44.838,2.7652360310000006,2.4030559260000004,2.5284527420000003
2026-02-27T11:42:14.405593+00:00,45.011,2.766511615,2.4033716880000005,2.5287710420000002
2026-02-27T11:42:14.621988+00:00,45.228,2.766511615,2.4030559260000004,2.5297259420000002
2026-02-27T11:42:14.824201+00:00,45.43,2.7566258390000002,2.3973722100000003,2.5208135420000004
2026-02-27T11:42:15.028425+00:00,45.634,2.7655549270000006,2.4021086400000002,2.5284527420000003
2026-02-27T11:42:15.200055+00:00,45.806,2.766830511,2.4036874500000005,2.5294076420000002
2026-02-27T11:42:15.414499+00:00,46.02,2.7661927190000006,2.4027401640000003,2.5290893420000002
2026-02-27T11:42:15.601977+00:00,46.208,2.7674683030000002,2.4036874500000005,2.530680842
2026-02-27T11:42:15.805431+00:00,46.411,2.7661927190000006,2.4021086400000002,2.5294076420000002
2026-02-27T11:42:16.007443+00:00,46.613,2.766511615,2.4027401640000003,2.5294076420000002
2026-02-27T11:42:16.213210+00:00,46.819,2.7652360310000006,2.4021086400000002,2.5278161420000003
2026-02-27T11:42:16.430259+00:00,47.036,2.7655549270000006,2.4021086400000002,2.5290893420000002
2026-02-27T11:42:16.633889+00:00,47.24,2.7661927190000006,2.4030559260000004,2.5290893420000002
2026-02-27T11:42:16.834829+00:00,47.441,2.7655549270000006,2.4033716880000005,2.5294076420000002
2026-02-27T11:42:17.049316+00:00,47.655,2.766830511,2.4024244020000003,2.5290893420000002
2026-02-27T11:42:17.250310+00:00,47.856,2.7658738230000006,2.4027401640000003,2.5287710420000002
2026-02-27T11:42:17.454324+00:00,48.06,2.7652360310000006,2.4030559260000004,2.5294076420000002
2026-02-27T11:42:17.640928+00:00,48.247,2.7751218070000006,2.4081081180000004,2.536728542
2026-02-27T11:42:17.844617+00:00,48.45,2.7661927190000006,2.4030559260000004,2.5294076420000002
2026-02-27T11:42:18.046718+00:00,48.653,2.766830511,2.4030559260000004,2.5297259420000002
2026-02-27T11:42:18.250448+00:00,48.856,2.7652360310000006,2.4024244020000003,2.5290893420000002
2026-02-27T11:42:18.453063+00:00,49.059,2.7652360310000006,2.401792878,2.5284527420000003
2026-02-27T11:42:18.654319+00:00,49.26,2.7661927190000006,2.4033716880000005,2.5287710420000002
2026-02-27T11:42:18.860956+00:00,49.467,2.7645982390000006,2.4024244020000003,2.5287710420000002
2026-02-27T11:42:19.074587+00:00,49.68,2.7652360310000006,2.4030559260000004,2.5294076420000002
2026-02-27T11:42:19.248241+00:00,49.854,2.7658738230000006,2.4027401640000003,2.5294076420000002
2026-02-27T11:42:19.464303+00:00,50.07,2.7655549270000006,2.4024244020000003,2.5294076420000002
2026-02-27T11:42:19.638480+00:00,50.244,2.7661927190000006,2.4021086400000002,2.5287710420000002
2026-02-27T11:42:19.855316+00:00,50.461,2.7652360310000006,2.401792878,2.5290893420000002
2026-02-27T11:42:20.071429+00:00,50.677,2.7661927190000006,2.4027401640000003,2.5284527420000003
2026-02-27T11:42:20.257329+00:00,50.863,2.766830511,2.4030559260000004,2.5294076420000002
2026-02-27T11:42:20.459864+00:00,51.066,2.7661927190000006,2.4024244020000003,2.5297259420000002
2026-02-27T11:42:20.661584+00:00,51.267,2.766830511,2.4021086400000002,2.5294076420000002
2026-02-27T11:42:20.864679+00:00,51.47,2.7658738230000006,2.4027401640000003,2.5287710420000002
2026-02-27T11:42:21.066958+00:00,51.673,2.7645982390000006,2.4036874500000005,2.5294076420000002
2026-02-27T11:42:21.269180+00:00,51.875,2.7671494070000002,2.4030559260000004,2.5290893420000002
2026-02-27T11:42:21.475182+00:00,52.081,2.766511615,2.4024244020000003,2.5294076420000002
2026-02-27T11:42:21.675845+00:00,52.282,2.7655549270000006,2.4030559260000004,2.5297259420000002
2026-02-27T11:42:21.879148+00:00,52.485,2.7658738230000006,2.4027401640000003,2.530044242
2026-02-27T11:42:22.079110+00:00,52.685,2.7652360310000006,2.4027401640000003,2.530044242
2026-02-27T11:42:22.282447+00:00,52.888,2.7658738230000006,2.4011613540000005,2.5287710420000002
2026-02-27T11:42:22.484275+00:00,53.09,2.7655549270000006,2.4027401640000003,2.5290893420000002
2026-02-27T11:42:22.690532+00:00,53.296,2.7652360310000006,2.4030559260000004,2.5290893420000002
2026-02-27T11:42:22.889806+00:00,53.496,2.7642793430000006,2.4005298300000004,2.5284527420000003
2026-02-27T11:42:23.090890+00:00,53.697,2.7655549270000006,2.4024244020000003,2.5290893420000002
2026-02-27T11:42:23.295277+00:00,53.901,2.7658738230000006,2.4027401640000003,2.530362542
2026-02-27T11:42:23.467300+00:00,54.073,2.7649171350000006,2.401792878,2.5290893420000002
2026-02-27T11:42:23.653258+00:00,54.259,2.7649171350000006,2.4024244020000003,2.5290893420000002
2026-02-27T11:42:23.865313+00:00,54.471,2.7658738230000006,2.4027401640000003,2.5287710420000002
2026-02-27T11:42:24.052043+00:00,54.658,2.7674683030000002,2.4062135460000005,2.532272342
2026-02-27T11:42:24.255886+00:00,54.862,2.7658738230000006,2.4027401640000003,2.5290893420000002
2026-02-27T11:42:24.459081+00:00,55.065,2.7655549270000006,2.4024244020000003,2.5290893420000002
2026-02-27T11:42:24.661024+00:00,55.267,2.766830511,2.401792878,2.5284527420000003
2026-02-27T11:42:24.861714+00:00,55.468,2.7655549270000006,2.4021086400000002,2.5287710420000002
2026-02-27T11:42:25.068409+00:00,55.674,2.7649171350000006,2.4024244020000003,2.5281344420000003
2026-02-27T11:42:25.267970+00:00,55.874,2.7661927190000006,2.4021086400000002,2.530044242
2026-02-27T11:42:25.471526+00:00,56.077,2.7661927190000006,2.4030559260000004,2.5284527420000003
2026-02-27T11:42:25.672162+00:00,56.278,2.7658738230000006,2.401792878,2.5294076420000002
2026-02-27T11:42:25.877621+00:00,56.483,2.7652360310000006,2.4030559260000004,2.5284527420000003
2026-02-27T11:42:26.081418+00:00,56.687,2.7658738230000006,2.4024244020000003,2.5294076420000002
2026-02-27T11:42:26.282766+00:00,56.889,2.7655549270000006,2.4027401640000003,2.5290893420000002
2026-02-27T11:42:26.468866+00:00,57.075,2.7661927190000006,2.4030559260000004,2.5290893420000002
2026-02-27T11:42:26.672157+00:00,57.278,2.7661927190000006,2.4040032120000006,2.5290893420000002
2026-02-27T11:42:26.872694+00:00,57.479,2.766511615,2.4021086400000002,2.5287710420000002
2026-02-27T11:42:27.075229+00:00,57.681,2.766511615,2.4027401640000003,2.5287710420000002
2026-02-27T11:42:27.278994+00:00,57.885,2.766511615,2.4021086400000002,2.5287710420000002
2026-02-27T11:42:27.481539+00:00,58.087,2.7661927190000006,2.4030559260000004,2.5297259420000002
2026-02-27T11:42:27.686323+00:00,58.292,2.7661927190000006,2.4024244020000003,2.5287710420000002
2026-02-27T11:42:27.889114+00:00,58.495,2.7649171350000006,2.4024244020000003,2.5287710420000002
2026-02-27T11:42:28.089565+00:00,58.695,2.766830511,2.4036874500000005,2.5290893420000002
2026-02-27T11:42:28.263262+00:00,58.869,2.7655549270000006,2.4030559260000004,2.5294076420000002
2026-02-27T11:42:28.477244+00:00,59.083,2.7655549270000006,2.4024244020000003,2.5287710420000002
2026-02-27T11:42:28.662945+00:00,59.269,2.7671494070000002,2.4040032120000006,2.5297259420000002
2026-02-27T11:42:35.006998+00:00,65.613,2.7649171350000006,2.4030559260000004,2.5294076420000002
2026-02-27T11:42:35.209090+00:00,65.815,2.7661927190000006,2.4021086400000002,2.5294076420000002
2026-02-27T11:42:35.410560+00:00,66.016,2.7655549270000006,2.4033716880000005,2.5294076420000002
2026-02-27T11:42:35.614879+00:00,66.221,2.7661927190000006,2.4036874500000005,2.5294076420000002
2026-02-27T11:42:35.816005+00:00,66.422,2.7655549270000006,2.4021086400000002,2.5287710420000002
2026-02-27T11:42:36.021477+00:00,66.627,2.7652360310000006,2.4030559260000004,2.5284527420000003
2026-02-27T11:42:36.223276+00:00,66.829,2.7652360310000006,2.4024244020000003,2.530044242
2026-02-27T11:42:36.425873+00:00,67.032,2.766830511,2.4024244020000003,2.530362542
2026-02-27T11:42:36.626975+00:00,67.233,2.7697005750000003,2.4058977840000004,2.533227242
2026-02-27T11:42:36.831357+00:00,67.437,2.766830511,2.4027401640000003,2.5287710420000002
2026-02-27T11:42:37.034050+00:00,67.64,2.7658738230000006,2.4021086400000002,2.5290893420000002
2026-02-27T11:42:37.237443+00:00,67.843,2.7658738230000006,2.4027401640000003,2.5297259420000002
2026-02-27T11:42:37.423134+00:00,68.029,2.7658738230000006,2.4027401640000003,2.5297259420000002
2026-02-27T11:42:37.612663+00:00,68.218,2.7658738230000006,2.4027401640000003,2.5290893420000002
2026-02-27T11:42:37.816903+00:00,68.423,2.7642793430000006,2.4021086400000002,2.5284527420000003
2026-02-27T11:42:38.017370+00:00,68.623,2.7661927190000006,2.4030559260000004,2.530044242
2026-02-27T11:42:38.219116+00:00,68.825,2.7658738230000006,2.4021086400000002,2.5290893420000002
2026-02-27T11:42:38.422705+00:00,69.029,2.766830511,2.4033716880000005,2.5290893420000002
2026-02-27T11:42:38.611209+00:00,69.217,2.7661927190000006,2.4030559260000004,2.5290893420000002
2026-02-27T11:42:38.813228+00:00,69.419,2.7652360310000006,2.4027401640000003,2.5287710420000002
2026-02-27T11:42:39.020258+00:00,69.626,2.7655549270000006,2.4021086400000002,2.5287710420000002
2026-02-27T11:42:39.224192+00:00,69.83,2.7700194710000003,2.407160832,2.534182142
2026-02-27T11:42:39.427780+00:00,70.034,2.766511615,2.4021086400000002,2.530044242
2026-02-27T11:42:39.628638+00:00,70.234,2.7655549270000006,2.4033716880000005,2.5290893420000002
2026-02-27T11:42:39.831489+00:00,70.437,2.766511615,2.4030559260000004,2.5297259420000002
2026-02-27T11:42:40.032899+00:00,70.639,2.7658738230000006,2.4030559260000004,2.5287710420000002
2026-02-27T11:42:40.233540+00:00,70.839,2.7652360310000006,2.4024244020000003,2.5287710420000002
2026-02-27T11:42:40.404918+00:00,71.011,2.7658738230000006,2.4030559260000004,2.5287710420000002
2026-02-27T11:42:40.608442+00:00,71.214,2.766830511,2.4030559260000004,2.5294076420000002
2026-02-27T11:42:40.777913+00:00,71.384,2.7661927190000006,2.4033716880000005,2.5294076420000002
2026-02-27T11:42:40.950350+00:00,71.556,2.766511615,2.4040032120000006,2.530362542
2026-02-27T11:42:41.121574+00:00,71.727,2.7655549270000006,2.401792878,2.5290893420000002
2026-02-27T11:42:41.293694+00:00,71.9,2.7655549270000006,2.4027401640000003,2.5284527420000003
2026-02-27T11:42:41.481624+00:00,72.087,2.7645982390000006,2.4027401640000003,2.5287710420000002
2026-02-27T11:42:41.682228+00:00,72.288,2.7655549270000006,2.4021086400000002,2.5284527420000003
2026-02-27T11:42:41.882566+00:00,72.488,2.766830511,2.4030559260000004,2.5294076420000002
2026-02-27T11:42:42.086976+00:00,72.693,2.7658738230000006,2.4030559260000004,2.5297259420000002
2026-02-27T11:42:42.287644+00:00,72.893,2.7658738230000006,2.4021086400000002,2.5297259420000002
2026-02-27T11:42:42.490495+00:00,73.096,2.7655549270000006,2.4027401640000003,2.5294076420000002
2026-02-27T11:42:42.678921+00:00,73.285,2.7658738230000006,2.4024244020000003,2.5284527420000003
2026-02-27T11:42:42.879216+00:00,73.485,2.766830511,2.4024244020000003,2.5294076420000002
2026-02-27T11:42:43.065879+00:00,73.672,2.7652360310000006,2.4030559260000004,2.5284527420000003
2026-02-27T11:42:43.270463+00:00,73.876,2.766830511,2.4027401640000003,2.5290893420000002
2026-02-27T11:42:43.470773+00:00,74.077,2.766511615,2.4030559260000004,2.5294076420000002
2026-02-27T11:42:43.671327+00:00,74.277,2.7674683030000002,2.404634736,2.530680842
2026-02-27T11:42:43.878063+00:00,74.484,2.7658738230000006,2.4030559260000004,2.530044242
2026-02-27T11:42:44.094829+00:00,74.701,2.766511615,2.4024244020000003,2.5284527420000003
2026-02-27T11:42:44.282321+00:00,74.888,2.7652360310000006,2.4027401640000003,2.5297259420000002
2026-02-27T11:42:44.483348+00:00,75.089,2.7661927190000006,2.4014771160000006,2.530044242
2026-02-27T11:42:44.687829+00:00,75.294,2.7655549270000006,2.4030559260000004,2.5284527420000003
2026-02-27T11:42:44.889041+00:00,75.495,2.7658738230000006,2.401792878,2.530044242
2026-02-27T11:42:45.091446+00:00,75.697,2.7661927190000006,2.4030559260000004,2.5294076420000002
2026-02-27T11:42:45.296351+00:00,75.902,2.7658738230000006,2.4021086400000002,2.5294076420000002
2026-02-27T11:42:45.465486+00:00,76.071,2.766830511,2.4030559260000004,2.5287710420000002
2026-02-27T11:42:45.636387+00:00,76.242,2.7658738230000006,2.4030559260000004,2.5290893420000002
2026-02-27T11:42:45.837828+00:00,76.444,2.766511615,2.4027401640000003,2.5284527420000003
2026-02-27T11:42:46.041027+00:00,76.647,2.766511615,2.4030559260000004,2.530044242
2026-02-27T11:42:46.242459+00:00,76.848,2.7649171350000006,2.4024244020000003,2.5287710420000002
2026-02-27T11:42:46.443928+00:00,77.05,2.766830511,2.4030559260000004,2.5294076420000002
2026-02-27T11:42:46.645880+00:00,77.252,2.7661927190000006,2.4033716880000005,2.5287710420000002
2026-02-27T11:42:46.848408+00:00,77.454,2.7655549270000006,2.4036874500000005,2.5290893420000002
2026-02-27T11:42:47.049018+00:00,77.655,2.766830511,2.4030559260000004,2.530362542
2026-02-27T11:42:47.251811+00:00,77.858,2.7658738230000006,2.4027401640000003,2.5297259420000002
2026-02-27T11:42:47.454055+00:00,78.06,2.7684249910000003,2.4030559260000004,2.5287710420000002
2026-02-27T11:42:47.655028+00:00,78.261,2.766830511,2.4030559260000004,2.5294076420000002
2026-02-27T11:42:47.856751+00:00,78.463,2.7652360310000006,2.4027401640000003,2.5287710420000002
2026-02-27T11:42:48.027791+00:00,78.634,2.7658738230000006,2.4033716880000005,2.530044242
2026-02-27T11:42:48.201828+00:00,78.808,2.7658738230000006,2.4033716880000005,2.5290893420000002
2026-02-27T11:42:48.370880+00:00,78.977,2.7655549270000006,2.4021086400000002,2.5287710420000002
2026-02-27T11:42:48.578702+00:00,79.185,2.7645982390000006,2.4030559260000004,2.5287710420000002
2026-02-27T11:42:48.780477+00:00,79.386,2.7658738230000006,2.401792878,2.5290893420000002
2026-02-27T11:42:48.982197+00:00,79.588,2.766830511,2.4036874500000005,2.530044242
2026-02-27T11:42:49.187049+00:00,79.793,2.7655549270000006,2.4030559260000004,2.5287710420000002
2026-02-27T11:42:49.357243+00:00,79.963,2.766511615,2.401792878,2.5290893420000002
2026-02-27T11:42:49.548816+00:00,80.155,2.766830511,2.4027401640000003,2.530362542
2026-02-27T11:42:49.749098+00:00,80.355,2.7658738230000006,2.4033716880000005,2.5294076420000002
2026-02-27T11:42:49.919811+00:00,80.526,2.7652360310000006,2.4024244020000003,2.5284527420000003
2026-02-27T11:42:50.092239+00:00,80.698,2.7655549270000006,2.4027401640000003,2.5287710420000002
2026-02-27T11:42:50.294763+00:00,80.901,2.7649171350000006,2.4033716880000005,2.5294076420000002
2026-02-27T11:42:50.498540+00:00,81.104,2.7658738230000006,2.4030559260000004,2.5294076420000002
2026-02-27T11:42:50.698827+00:00,81.305,2.766830511,2.4027401640000003,2.5297259420000002
2026-02-27T11:42:50.871911+00:00,81.478,2.766511615,2.4027401640000003,2.5284527420000003
2026-02-27T11:42:51.074155+00:00,81.68,2.7658738230000006,2.4027401640000003,2.5287710420000002
2026-02-27T11:42:51.274641+00:00,81.88,2.7658738230000006,2.4027401640000003,2.5284527420000003
2026-02-27T11:42:51.451485+00:00,82.057,2.7655549270000006,2.4030559260000004,2.5297259420000002
2026-02-27T11:42:51.636820+00:00,82.243,2.766830511,2.4024244020000003,2.5287710420000002
2026-02-27T11:42:51.823993+00:00,82.43,2.7687438870000003,2.4040032120000006,2.530362542
2026-02-27T11:42:52.036538+00:00,82.642,2.7658738230000006,2.4027401640000003,2.5290893420000002
2026-02-27T11:42:52.240461+00:00,82.846,2.7607714870000004,2.3986352580000005,2.5233599420000004
2026-02-27T11:42:52.442768+00:00,83.049,2.7655549270000006,2.4024244020000003,2.5294076420000002
2026-02-27T11:42:52.642502+00:00,83.248,2.7652360310000006,2.4021086400000002,2.5287710420000002
2026-02-27T11:42:52.845301+00:00,83.451,2.7655549270000006,2.401792878,2.5274978420000003
2026-02-27T11:42:53.050257+00:00,83.656,2.766511615,2.4024244020000003,2.5297259420000002
2026-02-27T11:42:53.252470+00:00,83.858,2.7658738230000006,2.4033716880000005,2.5290893420000002
2026-02-27T11:42:53.456374+00:00,84.062,2.7652360310000006,2.4021086400000002,2.5294076420000002
2026-02-27T11:42:53.656384+00:00,84.262,2.766830511,2.4030559260000004,2.5290893420000002
2026-02-27T11:42:53.861311+00:00,84.467,2.7655549270000006,2.4033716880000005,2.5297259420000002
2026-02-27T11:42:54.078705+00:00,84.685,2.7658738230000006,2.4030559260000004,2.5287710420000002
2026-02-27T11:42:54.279271+00:00,84.885,2.7661927190000006,2.401792878,2.5297259420000002
2026-02-27T11:42:54.447980+00:00,85.054,2.7655549270000006,2.4030559260000004,2.5294076420000002
2026-02-27T11:42:54.653226+00:00,85.259,2.7652360310000006,2.4030559260000004,2.530044242
2026-02-27T11:42:54.838968+00:00,85.445,2.7649171350000006,2.4033716880000005,2.5290893420000002
2026-02-27T11:42:55.042209+00:00,85.648,2.7661927190000006,2.4030559260000004,2.5294076420000002
2026-02-27T11:42:55.227634+00:00,85.833,2.7652360310000006,2.4033716880000005,2.5290893420000002
2026-02-27T11:42:55.416499+00:00,86.022,2.7655549270000006,2.4024244020000003,2.5290893420000002
2026-02-27T11:42:55.617719+00:00,86.224,2.7661927190000006,2.4024244020000003,2.5294076420000002
2026-02-27T11:42:55.820244+00:00,86.426,2.7652360310000006,2.4024244020000003,2.5297259420000002
2026-02-27T11:42:56.020462+00:00,86.626,2.7652360310000006,2.4033716880000005,2.5294076420000002
2026-02-27T11:42:56.223473+00:00,86.829,2.766511615,2.4027401640000003,2.5290893420000002
2026-02-27T11:42:56.425416+00:00,87.031,2.7661927190000006,2.4021086400000002,2.5294076420000002
2026-02-27T11:42:56.628627+00:00,87.234,2.7658738230000006,2.4021086400000002,2.5287710420000002
2026-02-27T11:42:56.829187+00:00,87.435,2.766511615,2.4030559260000004,2.5294076420000002
2026-02-27T11:42:57.035021+00:00,87.641,2.7661927190000006,2.4030559260000004,2.5290893420000002
2026-02-27T11:42:57.235073+00:00,87.841,2.7661927190000006,2.4036874500000005,2.5294076420000002
2026-02-27T11:42:57.436163+00:00,88.042,2.7655549270000006,2.4033716880000005,2.5297259420000002
2026-02-27T11:42:57.642032+00:00,88.248,2.7655549270000006,2.4024244020000003,2.5287710420000002
2026-02-27T11:42:57.843687+00:00,88.45,2.7658738230000006,2.4024244020000003,2.5297259420000002
2026-02-27T11:42:58.013256+00:00,88.619,2.7626848630000005,2.3998983060000003,2.5265429420000003
2026-02-27T11:42:58.184298+00:00,88.79,2.7655549270000006,2.4021086400000002,2.530044242
2026-02-27T11:42:58.357130+00:00,88.963,2.7658738230000006,2.4027401640000003,2.5287710420000002
2026-02-27T11:42:58.571302+00:00,89.177,2.7655549270000006,2.4030559260000004,2.5290893420000002
2026-02-27T11:42:58.772262+00:00,89.378,2.7658738230000006,2.4027401640000003,2.5294076420000002
2026-02-27T11:42:58.974022+00:00,89.58,2.7652360310000006,2.4030559260000004,2.5294076420000002
2026-02-27T11:42:59.177425+00:00,89.783,2.7652360310000006,2.4021086400000002,2.5297259420000002
2026-02-27T11:42:59.379021+00:00,89.985,2.7671494070000002,2.4030559260000004,2.530044242
2026-02-27T11:42:59.582174+00:00,90.188,2.7658738230000006,2.4030559260000004,2.5290893420000002
2026-02-27T11:42:59.784560+00:00,90.39,2.766830511,2.4033716880000005,2.5287710420000002
2026-02-27T11:42:59.987044+00:00,90.593,2.7661927190000006,2.4024244020000003,2.530044242
2026-02-27T11:43:00.194052+00:00,90.8,2.766830511,2.4033716880000005,2.5284527420000003
2026-02-27T11:43:00.408375+00:00,91.014,2.7655549270000006,2.4027401640000003,2.5290893420000002
2026-02-27T11:43:00.611740+00:00,91.218,2.7649171350000006,2.4027401640000003,2.5287710420000002
2026-02-27T11:43:00.814308+00:00,91.42,2.7658738230000006,2.4027401640000003,2.5297259420000002
2026-02-27T11:43:01.017375+00:00,91.623,2.7649171350000006,2.4027401640000003,2.5284527420000003
2026-02-27T11:43:01.218531+00:00,91.824,2.7655549270000006,2.4024244020000003,2.5287710420000002
2026-02-27T11:43:01.424309+00:00,92.03,2.7661927190000006,2.4024244020000003,2.5294076420000002
2026-02-27T11:43:01.640494+00:00,92.246,2.7674683030000002,2.4033716880000005,2.5294076420000002
2026-02-27T11:43:01.813799+00:00,92.42,2.7671494070000002,2.4027401640000003,2.5290893420000002
2026-02-27T11:43:02.028484+00:00,92.634,2.7658738230000006,2.4027401640000003,2.5287710420000002
2026-02-27T11:43:02.215777+00:00,92.822,2.766511615,2.4021086400000002,2.5290893420000002
2026-02-27T11:43:02.418543+00:00,93.024,2.7649171350000006,2.4030559260000004,2.5290893420000002
2026-02-27T11:43:02.592140+00:00,93.198,2.766830511,2.4021086400000002,2.5294076420000002
2026-02-27T11:43:02.778276+00:00,93.384,2.7655549270000006,2.4021086400000002,2.5287710420000002
2026-02-27T11:43:02.993947+00:00,93.6,2.766830511,2.4021086400000002,2.5294076420000002
2026-02-27T11:43:03.168536+00:00,93.774,2.7645982390000006,2.4033716880000005,2.5294076420000002
2026-02-27T11:43:03.384483+00:00,93.99,2.766511615,2.4030559260000004,2.5287710420000002
2026-02-27T11:43:03.585415+00:00,94.191,2.7658738230000006,2.4030559260000004,2.5290893420000002
2026-02-27T11:43:03.789075+00:00,94.395,2.7655549270000006,2.4027401640000003,2.5290893420000002
2026-02-27T11:43:03.991352+00:00,94.597,2.7658738230000006,2.4027401640000003,2.5294076420000002
2026-02-27T11:43:04.207193+00:00,94.813,2.7658738230000006,2.4027401640000003,2.5290893420000002
2026-02-27T11:43:04.406491+00:00,95.012,2.7626848630000005,2.399266782,2.5259063420000003
2026-02-27T11:43:04.595815+00:00,95.202,2.7658738230000006,2.4027401640000003,2.5290893420000002
2026-02-27T11:43:04.798894+00:00,95.405,2.766511615,2.4027401640000003,2.5294076420000002
2026-02-27T11:43:05.002047+00:00,95.608,2.7658738230000006,2.4024244020000003,2.530044242
2026-02-27T11:43:05.204112+00:00,95.81,2.7652360310000006,2.4024244020000003,2.5287710420000002
2026-02-27T11:43:05.405512+00:00,96.011,2.7655549270000006,2.4030559260000004,2.5294076420000002
2026-02-27T11:43:05.574615+00:00,96.18,2.766830511,2.4024244020000003,2.530044242
2026-02-27T11:43:05.746933+00:00,96.353,2.7661927190000006,2.4021086400000002,2.5290893420000002
2026-02-27T11:43:05.919223+00:00,96.525,2.7652360310000006,2.4027401640000003,2.5294076420000002
2026-02-27T11:43:06.105777+00:00,96.712,2.766830511,2.4027401640000003,2.5297259420000002
2026-02-27T11:43:06.310192+00:00,96.916,2.766830511,2.4030559260000004,2.530044242
2026-02-27T11:43:06.512120+00:00,97.118,2.7652360310000006,2.4030559260000004,2.5287710420000002
2026-02-27T11:43:06.715176+00:00,97.321,2.766511615,2.4024244020000003,2.5284527420000003
2026-02-27T11:43:06.889557+00:00,97.495,2.7658738230000006,2.4030559260000004,2.5294076420000002
2026-02-27T11:43:07.061488+00:00,97.667,2.7610903830000004,2.3986352580000005,2.5252697420000003
2026-02-27T11:43:07.274261+00:00,97.88,2.7658738230000006,2.4021086400000002,2.5287710420000002
2026-02-27T11:43:07.474099+00:00,98.08,2.7652360310000006,2.4030559260000004,2.5294076420000002
2026-02-27T11:43:07.673963+00:00,98.28,2.7649171350000006,2.4021086400000002,2.5287710420000002
2026-02-27T11:43:07.877987+00:00,98.484,2.7697005750000003,2.4055820220000004,2.532908942
2026-02-27T11:43:08.080810+00:00,98.687,2.7661927190000006,2.4033716880000005,2.5290893420000002
2026-02-27T11:43:08.280507+00:00,98.886,2.7658738230000006,2.4027401640000003,2.5294076420000002
2026-02-27T11:43:08.487474+00:00,99.093,2.7671494070000002,2.4027401640000003,2.5294076420000002
2026-02-27T11:43:08.690453+00:00,99.296,2.7661927190000006,2.4030559260000004,2.5294076420000002
2026-02-27T11:43:08.894011+00:00,99.5,2.7661927190000006,2.4021086400000002,2.5294076420000002
2026-02-27T11:43:09.095395+00:00,99.701,2.766830511,2.4027401640000003,2.530044242
2026-02-27T11:43:09.297027+00:00,99.903,2.7658738230000006,2.4024244020000003,2.5297259420000002
2026-02-27T11:43:09.496770+00:00,100.103,2.7671494070000002,2.4024244020000003,2.5274978420000003
2026-02-27T11:43:09.702442+00:00,100.308,2.766511615,2.4027401640000003,2.530044242
2026-02-27T11:43:09.905277+00:00,100.511,2.7655549270000006,2.4033716880000005,2.5290893420000002
2026-02-27T11:43:10.105939+00:00,100.712,2.766511615,2.4027401640000003,2.5287710420000002
2026-02-27T11:43:10.278566+00:00,100.884,2.766830511,2.4027401640000003,2.5294076420000002
2026-02-27T11:43:10.465755+00:00,101.072,2.7658738230000006,2.4030559260000004,2.5287710420000002
2026-02-27T11:43:10.681346+00:00,101.287,2.7661927190000006,2.4027401640000003,2.5284527420000003
2026-02-27T11:43:10.884657+00:00,101.49,2.7661927190000006,2.4024244020000003,2.5284527420000003
2026-02-27T11:43:11.084425+00:00,101.69,2.7658738230000006,2.4030559260000004,2.5294076420000002
2026-02-27T11:43:11.287621+00:00,101.893,2.7658738230000006,2.4033716880000005,2.5290893420000002
2026-02-27T11:43:11.488992+00:00,102.095,2.7658738230000006,2.4033716880000005,2.5290893420000002
2026-02-27T11:43:11.691419+00:00,102.297,2.7658738230000006,2.4027401640000003,2.5281344420000003
2026-02-27T11:43:11.895264+00:00,102.501,2.766511615,2.4033716880000005,2.5294076420000002
2026-02-27T11:43:12.098318+00:00,102.704,2.7671494070000002,2.4033716880000005,2.530044242
2026-02-27T11:43:12.299549+00:00,102.905,2.7652360310000006,2.4033716880000005,2.5297259420000002
2026-02-27T11:43:12.503931+00:00,103.11,2.7658738230000006,2.4030559260000004,2.5297259420000002
2026-02-27T11:43:12.719535+00:00,103.325,2.7655549270000006,2.4036874500000005,2.530044242
2026-02-27T11:43:12.920388+00:00,103.526,2.7658738230000006,2.4024244020000003,2.5297259420000002
2026-02-27T11:43:13.125276+00:00,103.731,2.7655549270000006,2.4030559260000004,2.5290893420000002
2026-02-27T11:43:13.331067+00:00,103.937,2.766511615,2.4021086400000002,2.5287710420000002
2026-02-27T11:43:13.531778+00:00,104.138,2.7655549270000006,2.4030559260000004,2.5294076420000002
2026-02-27T11:43:13.718260+00:00,104.324,2.7655549270000006,2.4024244020000003,2.5294076420000002
2026-02-27T11:43:13.924069+00:00,104.53,2.766830511,2.4030559260000004,2.5290893420000002
2026-02-27T11:43:14.123703+00:00,104.73,2.766511615,2.4021086400000002,2.530044242
2026-02-27T11:43:14.295818+00:00,104.902,2.7658738230000006,2.4030559260000004,2.5287710420000002
2026-02-27T11:43:14.511521+00:00,105.117,2.7661927190000006,2.4030559260000004,2.5290893420000002
2026-02-27T11:43:14.685773+00:00,105.292,2.7671494070000002,2.4027401640000003,2.5297259420000002
2026-02-27T11:43:14.871478+00:00,105.477,2.766511615,2.4033716880000005,2.530044242
2026-02-27T11:43:15.045508+00:00,105.651,2.7655549270000006,2.4027401640000003,2.5297259420000002
2026-02-27T11:43:15.258875+00:00,105.865,2.7661927190000006,2.4024244020000003,2.5290893420000002
2026-02-27T11:43:15.463946+00:00,106.07,2.7655549270000006,2.401792878,2.5290893420000002
2026-02-27T11:43:15.681001+00:00,106.287,2.766511615,2.4040032120000006,2.5294076420000002
2026-02-27T11:43:15.855834+00:00,106.462,2.7645982390000006,2.4027401640000003,2.530362542
2026-02-27T11:43:16.068371+00:00,106.674,2.7655549270000006,2.4024244020000003,2.5284527420000003
2026-02-27T11:43:16.271004+00:00,106.877,2.7633226550000005,2.4011613540000005,2.5259063420000003
2026-02-27T11:43:16.475744+00:00,107.082,2.766830511,2.4033716880000005,2.5294076420000002
2026-02-27T11:43:16.691502+00:00,107.297,2.766830511,2.4027401640000003,2.5287710420000002
2026-02-27T11:43:16.893651+00:00,107.499,2.7671494070000002,2.4027401640000003,2.5287710420000002
2026-02-27T11:43:17.111584+00:00,107.717,2.766511615,2.4021086400000002,2.5287710420000002
2026-02-27T11:43:17.312604+00:00,107.918,2.7703383670000004,2.4058977840000004,2.533227242
2026-02-27T11:43:17.513997+00:00,108.12,2.7658738230000006,2.4030559260000004,2.530044242
2026-02-27T11:43:17.712897+00:00,108.319,2.766511615,2.4024244020000003,2.5287710420000002
2026-02-27T11:43:17.915345+00:00,108.521,2.7655549270000006,2.4027401640000003,2.5287710420000002
2026-02-27T11:43:18.117673+00:00,108.723,2.7652360310000006,2.4036874500000005,2.530362542
2026-02-27T11:43:18.303152+00:00,108.909,2.7658738230000006,2.4021086400000002,2.5290893420000002
2026-02-27T11:43:18.492185+00:00,109.098,2.7658738230000006,2.4027401640000003,2.5290893420000002
2026-02-27T11:43:18.668583+00:00,109.274,2.766830511,2.4021086400000002,2.530044242
2026-02-27T11:43:18.857988+00:00,109.464,2.7661927190000006,2.4024244020000003,2.530362542
2026-02-27T11:43:19.044569+00:00,109.65,2.7671494070000002,2.4021086400000002,2.5294076420000002
2026-02-27T11:43:19.256011+00:00,109.862,2.7661927190000006,2.4027401640000003,2.5290893420000002
2026-02-27T11:43:19.459968+00:00,110.066,2.7655549270000006,2.4027401640000003,2.5294076420000002
2026-02-27T11:43:19.639168+00:00,110.245,2.7674683030000002,2.4027401640000003,2.5294076420000002
2026-02-27T11:43:19.849202+00:00,110.455,2.7658738230000006,2.4030559260000004,2.5287710420000002
2026-02-27T11:43:20.053496+00:00,110.659,2.7661927190000006,2.4024244020000003,2.5297259420000002
2026-02-27T11:43:20.254102+00:00,110.86,2.7658738230000006,2.4021086400000002,2.5287710420000002
2026-02-27T11:43:20.456211+00:00,111.062,2.7652360310000006,2.4024244020000003,2.5290893420000002
2026-02-27T11:43:20.659002+00:00,111.265,2.7658738230000006,2.4021086400000002,2.5287710420000002
2026-02-27T11:43:20.860262+00:00,111.466,2.7661927190000006,2.4036874500000005,2.5290893420000002
2026-02-27T11:43:21.063079+00:00,111.669,2.7658738230000006,2.4030559260000004,2.5290893420000002
2026-02-27T11:43:21.262587+00:00,111.868,2.7652360310000006,2.4024244020000003,2.5287710420000002
2026-02-27T11:43:21.435131+00:00,112.041,2.7655549270000006,2.4030559260000004,2.5287710420000002
2026-02-27T11:43:21.606044+00:00,112.212,2.7658738230000006,2.401792878,2.5287710420000002
2026-02-27T11:43:21.779805+00:00,112.386,2.7763973910000006,2.4128445480000003,2.5402298420000005
2026-02-27T11:43:21.950560+00:00,112.556,2.7661927190000006,2.4027401640000003,2.5294076420000002
2026-02-27T11:43:22.123928+00:00,112.73,2.766830511,2.4027401640000003,2.5297259420000002
2026-02-27T11:43:22.293010+00:00,112.899,2.7658738230000006,2.4024244020000003,2.530044242
2026-02-27T11:43:22.499081+00:00,113.105,2.766511615,2.4030559260000004,2.5290893420000002
2026-02-27T11:43:22.701581+00:00,113.307,2.766830511,2.4030559260000004,2.5294076420000002
2026-02-27T11:43:22.901216+00:00,113.507,2.7658738230000006,2.4033716880000005,2.5290893420000002
2026-02-27T11:43:23.100701+00:00,113.707,2.7655549270000006,2.4024244020000003,2.5294076420000002
2026-02-27T11:43:23.303234+00:00,113.909,2.7652360310000006,2.4036874500000005,2.5294076420000002
2026-02-27T11:43:23.506769+00:00,114.113,2.7658738230000006,2.4027401640000003,2.5290893420000002
2026-02-27T11:43:23.710166+00:00,114.316,2.7671494070000002,2.4024244020000003,2.5287710420000002
2026-02-27T11:43:23.924370+00:00,114.53,2.766830511,2.4030559260000004,2.5294076420000002
2026-02-27T11:43:24.128062+00:00,114.734,2.7658738230000006,2.4040032120000006,2.5290893420000002
2026-02-27T11:43:24.345277+00:00,114.951,2.766830511,2.4040032120000006,2.530680842
2026-02-27T11:43:24.544307+00:00,115.15,2.7671494070000002,2.4027401640000003,2.5290893420000002
2026-02-27T11:43:24.750432+00:00,115.356,2.7658738230000006,2.4033716880000005,2.5294076420000002
2026-02-27T11:43:24.951560+00:00,115.557,2.7652360310000006,2.401792878,2.5284527420000003
2026-02-27T11:43:25.154761+00:00,115.761,2.766511615,2.4027401640000003,2.5290893420000002
2026-02-27T11:43:25.356583+00:00,115.962,2.7655549270000006,2.4024244020000003,2.5281344420000003
2026-02-27T11:43:25.529456+00:00,116.135,2.766830511,2.4024244020000003,2.530362542
2026-02-27T11:43:25.701795+00:00,116.308,2.7661927190000006,2.4014771160000006,2.5287710420000002
2026-02-27T11:43:25.919094+00:00,116.525,2.7674683030000002,2.4024244020000003,2.5294076420000002
2026-02-27T11:43:26.120272+00:00,116.726,2.7658738230000006,2.4030559260000004,2.5287710420000002
2026-02-27T11:43:26.293437+00:00,116.899,2.766511615,2.4033716880000005,2.5290893420000002
2026-02-27T11:43:26.482532+00:00,117.088,2.7658738230000006,2.4021086400000002,2.5290893420000002
2026-02-27T11:43:26.697508+00:00,117.303,2.7655549270000006,2.4024244020000003,2.5294076420000002
2026-02-27T11:43:26.896844+00:00,117.503,2.7655549270000006,2.4021086400000002,2.5278161420000003
2026-02-27T11:43:27.098609+00:00,117.704,2.7655549270000006,2.4011613540000005,2.5284527420000003
2026-02-27T11:43:27.301108+00:00,117.907,2.7661927190000006,2.401792878,2.5294076420000002
2026-02-27T11:43:27.502871+00:00,118.109,2.7671494070000002,2.4027401640000003,2.530044242
2026-02-27T11:43:27.704789+00:00,118.311,2.766830511,2.4030559260000004,2.5287710420000002
2026-02-27T11:43:27.908103+00:00,118.514,2.766511615,2.4027401640000003,2.530362542
2026-02-27T11:43:28.111507+00:00,118.717,2.766830511,2.4024244020000003,2.5290893420000002
2026-02-27T11:43:28.315760+00:00,118.922,2.7658738230000006,2.4030559260000004,2.5290893420000002
2026-02-27T11:43:28.531764+00:00,119.138,2.7617281750000005,2.4027401640000003,2.5284527420000003
2026-02-27T11:43:28.731446+00:00,119.337,2.7757595990000006,2.4100026900000002,2.536410242
2026-02-27T11:43:28.937614+00:00,119.543,2.7639604470000005,2.4030559260000004,2.5284527420000003
2026-02-27T11:43:29.137641+00:00,119.743,2.7687438870000003,2.4027401640000003,2.5294076420000002
2026-02-27T11:43:29.340720+00:00,119.947,2.7661927190000006,2.4024244020000003,2.5278161420000003
2026-02-27T11:43:29.541035+00:00,120.147,2.7687438870000003,2.4043189740000006,2.531635742
2026-02-27T11:43:29.743909+00:00,120.35,2.7649171350000006,2.4033716880000005,2.5287710420000002
2026-02-27T11:43:29.945082+00:00,120.551,2.7661927190000006,2.4027401640000003,2.5294076420000002
2026-02-27T11:43:30.147112+00:00,120.753,2.7655549270000006,2.401792878,2.5287710420000002
2026-02-27T11:43:30.351999+00:00,120.958,2.7671494070000002,2.4021086400000002,2.533227242
2026-02-27T11:43:30.563883+00:00,121.17,2.7652360310000006,2.4027401640000003,2.5294076420000002
2026-02-27T11:43:30.766965+00:00,121.373,2.7674683030000002,2.4033716880000005,2.5294076420000002
2026-02-27T11:43:30.970989+00:00,121.577,2.766511615,2.4030559260000004,2.5290893420000002
2026-02-27T11:43:31.172089+00:00,121.778,2.7655549270000006,2.4024244020000003,2.5297259420000002
2026-02-27T11:43:31.373920+00:00,121.98,2.766511615,2.4030559260000004,2.5287710420000002
2026-02-27T11:43:31.576321+00:00,122.182,2.7677871990000003,2.4040032120000006,2.530044242
2026-02-27T11:43:31.777558+00:00,122.383,2.7614092790000004,2.4002140680000004,2.5249514420000003
2026-02-27T11:43:31.963795+00:00,122.57,2.7671494070000002,2.4027401640000003,2.5287710420000002
2026-02-27T11:43:32.153503+00:00,122.759,2.766830511,2.4024244020000003,2.5290893420000002
2026-02-27T11:43:32.355833+00:00,122.962,2.7655549270000006,2.4033716880000005,2.5281344420000003
2026-02-27T11:43:32.560588+00:00,123.166,2.7674683030000002,2.4036874500000005,2.5294076420000002
2026-02-27T11:43:32.732929+00:00,123.339,2.766511615,2.401792878,2.5290893420000002
2026-02-27T11:43:32.918480+00:00,123.524,2.766830511,2.4030559260000004,2.5290893420000002
2026-02-27T11:43:33.121047+00:00,123.727,2.7671494070000002,2.4027401640000003,2.5294076420000002
2026-02-27T11:43:33.293168+00:00,123.899,2.7661927190000006,2.4033716880000005,2.5290893420000002
2026-02-27T11:43:33.509511+00:00,124.115,2.7655549270000006,2.4024244020000003,2.5290893420000002
2026-02-27T11:43:33.685395+00:00,124.291,2.7661927190000006,2.4036874500000005,2.5287710420000002
2026-02-27T11:43:33.897435+00:00,124.503,2.7655549270000006,2.4030559260000004,2.530044242
2026-02-27T11:43:34.101808+00:00,124.708,2.766830511,2.4033716880000005,2.5284527420000003
2026-02-27T11:43:34.319930+00:00,124.926,2.766830511,2.4021086400000002,2.5287710420000002
2026-02-27T11:43:34.519067+00:00,125.125,2.7684249910000003,2.4043189740000006,2.531635742
2026-02-27T11:43:34.719898+00:00,125.326,2.766511615,2.4040032120000006,2.5294076420000002
2026-02-27T11:43:34.924304+00:00,125.53,2.7687438870000003,2.4036874500000005,2.531635742
2026-02-27T11:43:40.293421+00:00,130.899,2.7671494070000002,2.4049504980000003,2.5287710420000002
2026-02-27T11:43:40.467761+00:00,131.074,2.7677871990000003,2.4036874500000005,2.5290893420000002
2026-02-27T11:43:40.655555+00:00,131.261,2.7661927190000006,2.404634736,2.5290893420000002
2026-02-27T11:43:40.842978+00:00,131.449,2.7649171350000006,2.4036874500000005,2.5281344420000003
2026-02-27T11:43:41.045867+00:00,131.652,2.766511615,2.4040032120000006,2.5284527420000003
2026-02-27T11:43:41.249212+00:00,131.855,2.7658738230000006,2.4049504980000003,2.5290893420000002
2026-02-27T11:43:41.452193+00:00,132.058,2.7661927190000006,2.4043189740000006,2.5290893420000002
2026-02-27T11:43:41.667864+00:00,132.274,2.7671494070000002,2.404634736,2.5284527420000003
2026-02-27T11:43:41.841530+00:00,132.447,2.766830511,2.4049504980000003,2.530362542
2026-02-27T11:43:42.055358+00:00,132.661,2.766511615,2.404634736,2.5290893420000002
2026-02-27T11:43:42.258041+00:00,132.864,2.7671494070000002,2.404634736,2.5290893420000002
2026-02-27T11:43:42.462014+00:00,133.068,2.7658738230000006,2.4052662600000003,2.5290893420000002
2026-02-27T11:43:42.662255+00:00,133.268,2.7671494070000002,2.4052662600000003,2.5287710420000002
2026-02-27T11:43:42.865361+00:00,133.471,2.7681060950000003,2.4058977840000004,2.530680842
2026-02-27T11:43:43.068182+00:00,133.674,2.7671494070000002,2.4052662600000003,2.5281344420000003
2026-02-27T11:43:43.269532+00:00,133.875,2.766830511,2.4052662600000003,2.5297259420000002
2026-02-27T11:43:43.472510+00:00,134.078,2.7655549270000006,2.4049504980000003,2.5294076420000002
2026-02-27T11:43:43.673819+00:00,134.28,2.7661927190000006,2.4049504980000003,2.5287710420000002
2026-02-27T11:43:43.879203+00:00,134.485,2.7674683030000002,2.4052662600000003,2.5297259420000002
2026-02-27T11:43:44.078692+00:00,134.685,2.7658738230000006,2.4052662600000003,2.5284527420000003
2026-02-27T11:43:44.283093+00:00,134.889,2.766830511,2.4052662600000003,2.5290893420000002
2026-02-27T11:43:44.486710+00:00,135.093,2.7655549270000006,2.4043189740000006,2.5294076420000002
2026-02-27T11:43:44.687806+00:00,135.294,2.7655549270000006,2.404634736,2.5284527420000003
2026-02-27T11:43:44.889326+00:00,135.495,2.7671494070000002,2.4043189740000006,2.530044242
2026-02-27T11:43:45.061639+00:00,135.667,2.766511615,2.404634736,2.530362542
2026-02-27T11:43:45.246580+00:00,135.852,2.7674683030000002,2.4043189740000006,2.5290893420000002
2026-02-27T11:43:45.459952+00:00,136.066,2.7658738230000006,2.4049504980000003,2.5290893420000002
2026-02-27T11:43:45.665826+00:00,136.272,2.7681060950000003,2.4052662600000003,2.530680842
2026-02-27T11:43:45.881630+00:00,136.487,2.766511615,2.4043189740000006,2.530044242
2026-02-27T11:43:46.083802+00:00,136.69,2.7671494070000002,2.404634736,2.5287710420000002
2026-02-27T11:43:46.285847+00:00,136.892,2.7681060950000003,2.4062135460000005,2.530362542
2026-02-27T11:43:46.488453+00:00,137.094,2.766511615,2.4043189740000006,2.5290893420000002
2026-02-27T11:43:46.692781+00:00,137.299,2.7655549270000006,2.4055820220000004,2.5297259420000002
2026-02-27T11:43:46.910444+00:00,137.516,2.7658738230000006,2.4052662600000003,2.530044242
2026-02-27T11:43:47.126915+00:00,137.733,2.7655549270000006,2.404634736,2.5294076420000002
2026-02-27T11:43:47.325479+00:00,137.931,2.7671494070000002,2.4049504980000003,2.5290893420000002
2026-02-27T11:43:47.498516+00:00,138.104,2.7649171350000006,2.4055820220000004,2.5281344420000003
2026-02-27T11:43:47.686196+00:00,138.292,2.766830511,2.4040032120000006,2.5287710420000002
2026-02-27T11:43:47.901267+00:00,138.507,2.766830511,2.404634736,2.5290893420000002
2026-02-27T11:43:48.100307+00:00,138.706,2.7674683030000002,2.4049504980000003,2.530044242
2026-02-27T11:43:48.305264+00:00,138.911,2.766511615,2.4043189740000006,2.5290893420000002
2026-02-27T11:43:48.520968+00:00,139.127,2.7732084310000005,2.4096869280000006,2.534500442
2026-02-27T11:43:48.722099+00:00,139.328,2.7658738230000006,2.4049504980000003,2.5290893420000002
2026-02-27T11:43:48.926739+00:00,139.533,2.7671494070000002,2.4049504980000003,2.5287710420000002
2026-02-27T11:43:49.128408+00:00,139.734,2.7658738230000006,2.4049504980000003,2.5294076420000002
2026-02-27T11:43:49.332411+00:00,139.938,2.766830511,2.4043189740000006,2.530362542
2026-02-27T11:43:49.531376+00:00,140.137,2.766511615,2.4043189740000006,2.5290893420000002
2026-02-27T11:43:49.734536+00:00,140.34,2.7661927190000006,2.4049504980000003,2.5290893420000002
2026-02-27T11:43:49.919127+00:00,140.525,2.7674683030000002,2.404634736,2.5287710420000002
2026-02-27T11:43:50.120162+00:00,140.726,2.7661927190000006,2.4040032120000006,2.5287710420000002
2026-02-27T11:43:50.293771+00:00,140.9,2.7674683030000002,2.4040032120000006,2.5294076420000002
2026-02-27T11:43:50.493243+00:00,141.099,2.766511615,2.4055820220000004,2.5281344420000003
2026-02-27T11:43:50.670262+00:00,141.276,2.7671494070000002,2.4049504980000003,2.5294076420000002
2026-02-27T11:43:50.856925+00:00,141.463,2.766830511,2.404634736,2.5290893420000002
2026-02-27T11:43:51.070025+00:00,141.676,2.7655549270000006,2.4049504980000003,2.5290893420000002
2026-02-27T11:43:51.272272+00:00,141.878,2.766830511,2.4049504980000003,2.530044242
2026-02-27T11:43:51.474170+00:00,142.08,2.766830511,2.404634736,2.5287710420000002
2026-02-27T11:43:51.678455+00:00,142.284,2.766511615,2.4040032120000006,2.5297259420000002
2026-02-27T11:43:51.880246+00:00,142.486,2.7671494070000002,2.4055820220000004,2.5290893420000002
2026-02-27T11:43:52.098673+00:00,142.704,2.766830511,2.4049504980000003,2.5290893420000002
2026-02-27T11:43:52.313429+00:00,142.919,2.7674683030000002,2.4052662600000003,2.5294076420000002
2026-02-27T11:43:52.516418+00:00,143.122,2.7655549270000006,2.4049504980000003,2.5294076420000002
2026-02-27T11:43:52.720144+00:00,143.326,2.7684249910000003,2.4052662600000003,2.5290893420000002
2026-02-27T11:43:52.922879+00:00,143.529,2.7658738230000006,2.4049504980000003,2.5287710420000002
2026-02-27T11:43:53.125453+00:00,143.731,2.766511615,2.4055820220000004,2.5290893420000002
2026-02-27T11:43:53.310508+00:00,143.916,2.7655549270000006,2.4043189740000006,2.5284527420000003
2026-02-27T11:43:53.495508+00:00,144.101,2.7655549270000006,2.4049504980000003,2.5284527420000003
2026-02-27T11:43:53.684362+00:00,144.29,2.7677871990000003,2.4049504980000003,2.5297259420000002
2026-02-27T11:43:53.857390+00:00,144.463,2.7534368790000006,2.3951618760000004,2.5157207420000005
2026-02-27T11:43:54.029985+00:00,144.636,2.7655549270000006,2.4049504980000003,2.5294076420000002
2026-02-27T11:43:54.216932+00:00,144.823,2.7655549270000006,2.4043189740000006,2.5287710420000002
2026-02-27T11:43:54.422714+00:00,145.029,2.7655549270000006,2.404634736,2.5287710420000002
2026-02-27T11:43:54.621956+00:00,145.228,2.7658738230000006,2.4052662600000003,2.5290893420000002
2026-02-27T11:43:54.794706+00:00,145.401,2.7661927190000006,2.4052662600000003,2.5294076420000002
2026-02-27T11:43:54.999026+00:00,145.605,2.7661927190000006,2.4049504980000003,2.5290893420000002
2026-02-27T11:43:55.200113+00:00,145.806,2.7655549270000006,2.4052662600000003,2.5287710420000002
2026-02-27T11:43:55.373352+00:00,145.979,2.7649171350000006,2.4049504980000003,2.5297259420000002
2026-02-27T11:43:55.587886+00:00,146.194,2.7725706390000004,2.4103184520000003,2.536410242
2026-02-27T11:43:55.790810+00:00,146.397,2.7655549270000006,2.4043189740000006,2.5290893420000002
2026-02-27T11:43:55.992592+00:00,146.598,2.766511615,2.4043189740000006,2.5290893420000002
2026-02-27T11:43:56.196809+00:00,146.803,2.7655549270000006,2.4052662600000003,2.5287710420000002
2026-02-27T11:43:56.399111+00:00,147.005,2.766511615,2.4049504980000003,2.5290893420000002
2026-02-27T11:43:56.613423+00:00,147.219,2.7674683030000002,2.4074765940000002,2.531635742
2026-02-27T11:43:56.815492+00:00,147.421,2.766830511,2.4043189740000006,2.530044242
2026-02-27T11:43:57.017333+00:00,147.623,2.7655549270000006,2.404634736,2.5284527420000003
2026-02-27T11:43:57.209195+00:00,147.815,2.7661927190000006,2.4043189740000006,2.5294076420000002
2026-02-27T11:43:57.423347+00:00,148.029,2.766511615,2.4049504980000003,2.5290893420000002
2026-02-27T11:43:57.627694+00:00,148.234,2.7655549270000006,2.404634736,2.5290893420000002
2026-02-27T11:43:57.829085+00:00,148.435,2.766511615,2.4049504980000003,2.5294076420000002
2026-02-27T11:43:58.031717+00:00,148.638,2.7655549270000006,2.4049504980000003,2.5287710420000002
2026-02-27T11:43:58.235921+00:00,148.842,2.7658738230000006,2.404634736,2.5284527420000003
2026-02-27T11:43:58.439034+00:00,149.045,2.7716139510000004,2.407160832,2.532590642
2026-02-27T11:43:58.641942+00:00,149.248,2.7645982390000006,2.4043189740000006,2.5290893420000002
2026-02-27T11:43:58.844205+00:00,149.45,2.7652360310000006,2.4049504980000003,2.5287710420000002
2026-02-27T11:43:59.042933+00:00,149.649,2.7661927190000006,2.404634736,2.5287710420000002
2026-02-27T11:43:59.214121+00:00,149.82,2.7655549270000006,2.4043189740000006,2.5294076420000002
2026-02-27T11:43:59.413141+00:00,150.019,2.766830511,2.4049504980000003,2.5294076420000002
2026-02-27T11:43:59.619181+00:00,150.225,2.7671494070000002,2.4052662600000003,2.5290893420000002
2026-02-27T11:43:59.837879+00:00,150.444,2.766511615,2.4058977840000004,2.5294076420000002
2026-02-27T11:44:00.036567+00:00,150.642,2.7658738230000006,2.4036874500000005,2.5290893420000002
2026-02-27T11:44:00.237759+00:00,150.844,2.766511615,2.4043189740000006,2.5287710420000002
2026-02-27T11:44:00.440313+00:00,151.046,2.766511615,2.4052662600000003,2.530044242
2026-02-27T11:44:00.645276+00:00,151.251,2.766511615,2.4055820220000004,2.530362542
2026-02-27T11:44:00.848997+00:00,151.455,2.7661927190000006,2.4055820220000004,2.5287710420000002
2026-02-27T11:44:01.063557+00:00,151.669,2.7658738230000006,2.404634736,2.5297259420000002
2026-02-27T11:44:01.264514+00:00,151.87,2.766830511,2.404634736,2.5287710420000002
2026-02-27T11:44:01.466133+00:00,152.072,2.7655549270000006,2.4052662600000003,2.5287710420000002
2026-02-27T11:44:01.668457+00:00,152.274,2.7671494070000002,2.4049504980000003,2.5284527420000003
2026-02-27T11:44:01.840171+00:00,152.446,2.7652360310000006,2.4040032120000006,2.5284527420000003
2026-02-27T11:44:02.043169+00:00,152.649,2.7690627830000003,2.4065293080000005,2.531317442
2026-02-27T11:44:02.245125+00:00,152.851,2.7658738230000006,2.4049504980000003,2.5294076420000002
2026-02-27T11:44:02.419879+00:00,153.026,2.7674683030000002,2.4049504980000003,2.530680842
2026-02-27T11:44:02.606424+00:00,153.212,2.766830511,2.404634736,2.5278161420000003
2026-02-27T11:44:02.806337+00:00,153.412,2.766511615,2.4040032120000006,2.530044242
2026-02-27T11:44:03.008062+00:00,153.614,2.7671494070000002,2.404634736,2.5294076420000002
2026-02-27T11:44:03.185566+00:00,153.791,2.7674683030000002,2.4052662600000003,2.5294076420000002
2026-02-27T11:44:03.399177+00:00,154.005,2.7671494070000002,2.4055820220000004,2.5297259420000002
2026-02-27T11:44:03.615018+00:00,154.221,2.7671494070000002,2.4043189740000006,2.5290893420000002
2026-02-27T11:44:03.817261+00:00,154.423,2.766830511,2.404634736,2.5290893420000002
2026-02-27T11:44:04.018684+00:00,154.625,2.766830511,2.404634736,2.5287710420000002
2026-02-27T11:44:04.224046+00:00,154.83,2.766830511,2.4055820220000004,2.5294076420000002
2026-02-27T11:44:04.427141+00:00,155.033,2.7674683030000002,2.4049504980000003,2.5287710420000002
2026-02-27T11:44:04.628733+00:00,155.235,2.7671494070000002,2.407160832,2.530680842
2026-02-27T11:44:04.831160+00:00,155.437,2.766830511,2.404634736,2.5287710420000002
2026-02-27T11:44:05.030374+00:00,155.636,2.766830511,2.404634736,2.5284527420000003
2026-02-27T11:44:05.235624+00:00,155.841,2.7658738230000006,2.4049504980000003,2.5287710420000002
2026-02-27T11:44:05.437382+00:00,156.043,2.766511615,2.4055820220000004,2.5290893420000002
2026-02-27T11:44:05.640619+00:00,156.246,2.7652360310000006,2.4049504980000003,2.5287710420000002
2026-02-27T11:44:05.842996+00:00,156.449,2.7671494070000002,2.4052662600000003,2.5297259420000002
2026-02-27T11:44:06.042142+00:00,156.648,2.7674683030000002,2.404634736,2.5287710420000002
2026-02-27T11:44:06.215243+00:00,156.821,2.7671494070000002,2.4055820220000004,2.5290893420000002
2026-02-27T11:44:06.413729+00:00,157.02,2.7649171350000006,2.4055820220000004,2.5287710420000002
2026-02-27T11:44:06.621068+00:00,157.227,2.7658738230000006,2.4049504980000003,2.5294076420000002
2026-02-27T11:44:06.793773+00:00,157.4,2.7671494070000002,2.4040032120000006,2.5290893420000002
2026-02-27T11:44:06.979871+00:00,157.586,2.7658738230000006,2.4040032120000006,2.5290893420000002
2026-02-27T11:44:07.177141+00:00,157.783,2.7655549270000006,2.4049504980000003,2.5281344420000003
2026-02-27T11:44:07.379459+00:00,157.985,2.766830511,2.4049504980000003,2.530044242
2026-02-27T11:44:07.582363+00:00,158.188,2.7677871990000003,2.4043189740000006,2.5297259420000002
2026-02-27T11:44:07.799488+00:00,158.405,2.766511615,2.4055820220000004,2.5297259420000002
2026-02-27T11:44:08.002615+00:00,158.608,2.7652360310000006,2.404634736,2.5287710420000002
2026-02-27T11:44:08.203550+00:00,158.809,2.766830511,2.404634736,2.5290893420000002
2026-02-27T11:44:08.406448+00:00,159.012,2.7655549270000006,2.4043189740000006,2.5294076420000002
2026-02-27T11:44:08.608526+00:00,159.214,2.7661927190000006,2.4049504980000003,2.5287710420000002
2026-02-27T11:44:08.778421+00:00,159.384,2.766830511,2.4040032120000006,2.5294076420000002
2026-02-27T11:44:08.953084+00:00,159.559,2.7671494070000002,2.4043189740000006,2.5294076420000002
2026-02-27T11:44:09.136820+00:00,159.743,2.766511615,2.4055820220000004,2.5297259420000002
2026-02-27T11:44:09.351807+00:00,159.958,2.7674683030000002,2.404634736,2.5274978420000003
2026-02-27T11:44:09.554122+00:00,160.16,2.7655549270000006,2.4043189740000006,2.5284527420000003
2026-02-27T11:44:09.760154+00:00,160.366,2.766830511,2.4049504980000003,2.5294076420000002
2026-02-27T11:44:09.945903+00:00,160.552,2.7649171350000006,2.4049504980000003,2.5287710420000002
2026-02-27T11:44:10.150731+00:00,160.757,2.7674683030000002,2.404634736,2.5290893420000002
2026-02-27T11:44:10.355276+00:00,160.961,2.7658738230000006,2.4049504980000003,2.5290893420000002
2026-02-27T11:44:10.557482+00:00,161.163,2.766511615,2.4040032120000006,2.5294076420000002
2026-02-27T11:44:10.773964+00:00,161.38,2.7655549270000006,2.4052662600000003,2.5290893420000002
2026-02-27T11:44:10.978062+00:00,161.584,2.7652360310000006,2.4033716880000005,2.5287710420000002
2026-02-27T11:44:11.194767+00:00,161.801,2.7674683030000002,2.4068450700000006,2.532272342
2026-02-27T11:44:11.396161+00:00,162.002,2.7655549270000006,2.404634736,2.5287710420000002
2026-02-27T11:44:11.596091+00:00,162.202,2.766830511,2.4049504980000003,2.5297259420000002
2026-02-27T11:44:11.798808+00:00,162.405,2.7674683030000002,2.4049504980000003,2.5284527420000003
2026-02-27T11:44:12.002900+00:00,162.609,2.766511615,2.4043189740000006,2.5281344420000003
2026-02-27T11:44:12.202429+00:00,162.808,2.7661927190000006,2.404634736,2.5290893420000002
2026-02-27T11:44:12.406707+00:00,163.013,2.766511615,2.4055820220000004,2.5294076420000002
2026-02-27T11:44:12.608568+00:00,163.214,2.7671494070000002,2.404634736,2.5294076420000002
2026-02-27T11:44:12.812578+00:00,163.418,2.7674683030000002,2.4040032120000006,2.5290893420000002
2026-02-27T11:44:13.012198+00:00,163.618,2.7655549270000006,2.4052662600000003,2.5290893420000002
2026-02-27T11:44:13.183685+00:00,163.79,2.7661927190000006,2.4043189740000006,2.5284527420000003
2026-02-27T11:44:13.384886+00:00,163.991,2.7677871990000003,2.4043189740000006,2.5294076420000002
2026-02-27T11:44:13.574194+00:00,164.18,2.766830511,2.4055820220000004,2.5287710420000002
2026-02-27T11:44:13.772932+00:00,164.379,2.7636415510000005,2.4052662600000003,2.5265429420000003
2026-02-27T11:44:13.976874+00:00,164.583,2.7652360310000006,2.404634736,2.5297259420000002
2026-02-27T11:44:14.179695+00:00,164.786,2.766511615,2.4049504980000003,2.5287710420000002
2026-02-27T11:44:14.382054+00:00,164.988,2.766830511,2.4055820220000004,2.5297259420000002
2026-02-27T11:44:14.587410+00:00,165.193,2.7671494070000002,2.4055820220000004,2.5290893420000002
2026-02-27T11:44:14.790405+00:00,165.396,2.7658738230000006,2.404634736,2.5290893420000002
2026-02-27T11:44:15.005921+00:00,165.612,2.766830511,2.404634736,2.530044242
2026-02-27T11:44:15.210138+00:00,165.816,2.7537557750000006,2.3942145900000003,2.514447542
2026-02-27T11:44:15.396957+00:00,166.003,2.7655549270000006,2.4040032120000006,2.5290893420000002
2026-02-27T11:44:15.597235+00:00,166.203,2.7671494070000002,2.4052662600000003,2.5297259420000002
2026-02-27T11:44:15.800531+00:00,166.406,2.7661927190000006,2.404634736,2.5284527420000003
2026-02-27T11:44:16.002535+00:00,166.608,2.7674683030000002,2.404634736,2.5290893420000002
2026-02-27T11:44:16.203547+00:00,166.809,2.7658738230000006,2.4049504980000003,2.5294076420000002
2026-02-27T11:44:16.406637+00:00,167.012,2.7661927190000006,2.4055820220000004,2.5294076420000002
2026-02-27T11:44:16.609516+00:00,167.215,2.766830511,2.404634736,2.5287710420000002
2026-02-27T11:44:16.779308+00:00,167.385,2.7671494070000002,2.4058977840000004,2.5294076420000002
2026-02-27T11:44:16.983484+00:00,167.589,2.7661927190000006,2.4049504980000003,2.5287710420000002
2026-02-27T11:44:17.183258+00:00,167.789,2.766830511,2.4049504980000003,2.5294076420000002
2026-02-27T11:44:17.385223+00:00,167.991,2.7661927190000006,2.4049504980000003,2.5294076420000002
2026-02-27T11:44:17.572706+00:00,168.179,2.7661927190000006,2.4049504980000003,2.5287710420000002
2026-02-27T11:44:17.790012+00:00,168.396,2.766830511,2.4052662600000003,2.5297259420000002
2026-02-27T11:44:17.991230+00:00,168.597,2.7626848630000005,2.4011613540000005,2.5271795420000003
2026-02-27T11:44:18.182414+00:00,168.788,2.7671494070000002,2.404634736,2.5284527420000003
2026-02-27T11:44:18.383110+00:00,168.989,2.766830511,2.4049504980000003,2.5287710420000002
2026-02-27T11:44:18.585405+00:00,169.191,2.7744840150000005,2.4118972620000005,2.5373651420000005
2026-02-27T11:44:18.787913+00:00,169.394,2.7661927190000006,2.4049504980000003,2.5290893420000002
2026-02-27T11:44:18.986775+00:00,169.593,2.766830511,2.4052662600000003,2.5290893420000002
2026-02-27T11:44:19.188235+00:00,169.794,2.7655549270000006,2.4055820220000004,2.5297259420000002
2026-02-27T11:44:19.392236+00:00,169.998,2.7671494070000002,2.404634736,2.5290893420000002
2026-02-27T11:44:19.579636+00:00,170.185,2.7655549270000006,2.404634736,2.5281344420000003
2026-02-27T11:44:19.779987+00:00,170.386,2.7671494070000002,2.4052662600000003,2.5290893420000002
2026-02-27T11:44:19.951387+00:00,170.557,2.7661927190000006,2.4043189740000006,2.5287710420000002
2026-02-27T11:44:20.121973+00:00,170.728,2.766511615,2.4052662600000003,2.5287710420000002
2026-02-27T11:44:20.310764+00:00,170.917,2.766830511,2.4049504980000003,2.5287710420000002
2026-02-27T11:44:20.497490+00:00,171.103,2.7658738230000006,2.404634736,2.5287710420000002
2026-02-27T11:44:20.668501+00:00,171.274,2.7674683030000002,2.404634736,2.5290893420000002
2026-02-27T11:44:20.840477+00:00,171.446,2.7671494070000002,2.4049504980000003,2.5297259420000002
2026-02-27T11:44:21.012337+00:00,171.618,2.766830511,2.404634736,2.5290893420000002
2026-02-27T11:44:21.225040+00:00,171.831,2.7671494070000002,2.4058977840000004,2.5290893420000002
2026-02-27T11:44:21.429497+00:00,172.035,2.766511615,2.4049504980000003,2.5278161420000003
2026-02-27T11:44:21.631087+00:00,172.237,2.7652360310000006,2.4036874500000005,2.5294076420000002
2026-02-27T11:44:21.834524+00:00,172.44,2.7661927190000006,2.4049504980000003,2.5287710420000002
2026-02-27T11:44:22.036354+00:00,172.642,2.7677871990000003,2.4052662600000003,2.5290893420000002
2026-02-27T11:44:22.238730+00:00,172.845,2.766511615,2.4040032120000006,2.5284527420000003
2026-02-27T11:44:22.443602+00:00,173.049,2.7652360310000006,2.4049504980000003,2.530044242
2026-02-27T11:44:22.644844+00:00,173.251,2.7677871990000003,2.4058977840000004,2.5287710420000002
2026-02-27T11:44:22.846723+00:00,173.453,2.7671494070000002,2.4055820220000004,2.5294076420000002
2026-02-27T11:44:23.046194+00:00,173.652,2.7671494070000002,2.404634736,2.5297259420000002
2026-02-27T11:44:23.248912+00:00,173.855,2.7658738230000006,2.4049504980000003,2.5290893420000002
2026-02-27T11:44:23.451651+00:00,174.057,2.766830511,2.4043189740000006,2.5281344420000003
2026-02-27T11:44:23.622267+00:00,174.228,2.766830511,2.4043189740000006,2.5287710420000002
2026-02-27T11:44:23.794215+00:00,174.4,2.766511615,2.4052662600000003,2.5297259420000002
2026-02-27T11:44:23.996581+00:00,174.602,2.766830511,2.404634736,2.5287710420000002
2026-02-27T11:44:24.170531+00:00,174.776,2.7655549270000006,2.4049504980000003,2.5284527420000003
2026-02-27T11:44:24.384801+00:00,174.991,2.7677871990000003,2.404634736,2.530362542
2026-02-27T11:44:24.559319+00:00,175.165,2.766830511,2.4043189740000006,2.5287710420000002
2026-02-27T11:44:24.732270+00:00,175.338,2.7661927190000006,2.4052662600000003,2.5294076420000002
2026-02-27T11:44:24.904422+00:00,175.51,2.766511615,2.4052662600000003,2.5287710420000002
2026-02-27T11:44:25.104941+00:00,175.711,2.7674683030000002,2.404634736,2.5290893420000002
2026-02-27T11:44:25.277997+00:00,175.884,2.7671494070000002,2.4049504980000003,2.5294076420000002
2026-02-27T11:44:25.452491+00:00,176.058,2.7671494070000002,2.4055820220000004,2.5287710420000002
2026-02-27T11:44:25.623207+00:00,176.229,2.7658738230000006,2.4043189740000006,2.5281344420000003
2026-02-27T11:44:25.824783+00:00,176.431,2.766511615,2.4040032120000006,2.5284527420000003
2026-02-27T11:44:25.998888+00:00,176.605,2.766830511,2.404634736,2.5294076420000002
2026-02-27T11:44:26.184106+00:00,176.79,2.7661927190000006,2.4049504980000003,2.5294076420000002
2026-02-27T11:44:26.373458+00:00,176.979,2.766511615,2.404634736,2.5297259420000002
2026-02-27T11:44:26.577027+00:00,177.183,2.7658738230000006,2.4058977840000004,2.5287710420000002
2026-02-27T11:44:26.747292+00:00,177.353,2.7671494070000002,2.4043189740000006,2.5290893420000002
2026-02-27T11:44:26.963454+00:00,177.569,2.7655549270000006,2.4049504980000003,2.5294076420000002
2026-02-27T11:44:27.177172+00:00,177.783,2.7674683030000002,2.4052662600000003,2.530680842
2026-02-27T11:44:27.362221+00:00,177.968,2.7671494070000002,2.4052662600000003,2.530044242
2026-02-27T11:44:27.565936+00:00,178.172,2.7674683030000002,2.404634736,2.5287710420000002
2026-02-27T11:44:27.768702+00:00,178.375,2.766511615,2.4052662600000003,2.5284527420000003
2026-02-27T11:44:27.953936+00:00,178.56,2.7658738230000006,2.4049504980000003,2.5284527420000003
2026-02-27T11:44:28.160021+00:00,178.766,2.7671494070000002,2.4052662600000003,2.5290893420000002
2026-02-27T11:44:28.359348+00:00,178.965,2.7652360310000006,2.404634736,2.5297259420000002
2026-02-27T11:44:28.550090+00:00,179.156,2.766511615,2.4049504980000003,2.530044242
2026-02-27T11:44:28.751709+00:00,179.358,2.766511615,2.4055820220000004,2.5294076420000002
2026-02-27T11:44:28.954657+00:00,179.56,2.7671494070000002,2.4052662600000003,2.5297259420000002
2026-02-27T11:44:29.156732+00:00,179.763,2.7671494070000002,2.4058977840000004,2.5290893420000002
2026-02-27T11:44:29.357951+00:00,179.964,2.766511615,2.4055820220000004,2.5290893420000002
2026-02-27T11:44:29.561623+00:00,180.167,2.7674683030000002,2.404634736,2.5294076420000002
2026-02-27T11:44:29.753242+00:00,180.359,2.7658738230000006,2.4043189740000006,2.5290893420000002
2026-02-27T11:44:29.957592+00:00,180.563,2.766511615,2.4052662600000003,2.5294076420000002
2026-02-27T11:44:30.162520+00:00,180.768,2.7661927190000006,2.4052662600000003,2.5294076420000002
2026-02-27T11:44:30.362514+00:00,180.968,2.7652360310000006,2.404634736,2.5290893420000002
2026-02-27T11:44:30.562650+00:00,181.168,2.7671494070000002,2.404634736,2.5294076420000002
2026-02-27T11:44:30.765274+00:00,181.371,2.7658738230000006,2.4040032120000006,2.5281344420000003
2026-02-27T11:44:30.971845+00:00,181.578,2.7655549270000006,2.4049504980000003,2.5287710420000002
2026-02-27T11:44:31.174313+00:00,181.78,2.766830511,2.4055820220000004,2.5294076420000002
2026-02-27T11:44:31.375753+00:00,181.982,2.7671494070000002,2.4052662600000003,2.530362542
2026-02-27T11:44:31.578054+00:00,182.184,2.7671494070000002,2.4052662600000003,2.5290893420000002
2026-02-27T11:44:31.783669+00:00,182.389,2.7658738230000006,2.404634736,2.5284527420000003
2026-02-27T11:44:31.983062+00:00,182.589,2.7677871990000003,2.404634736,2.5290893420000002
2026-02-27T11:44:32.183918+00:00,182.79,2.7658738230000006,2.4058977840000004,2.5284527420000003
2026-02-27T11:44:32.355512+00:00,182.961,2.7674683030000002,2.404634736,2.5287710420000002
2026-02-27T11:44:32.528809+00:00,183.135,2.766511615,2.4049504980000003,2.5290893420000002
2026-02-27T11:44:32.735607+00:00,183.341,2.7671494070000002,2.404634736,2.5294076420000002
2026-02-27T11:44:32.937889+00:00,183.544,2.7677871990000003,2.4052662600000003,2.530680842
2026-02-27T11:44:33.139728+00:00,183.746,2.766830511,2.4049504980000003,2.5290893420000002
2026-02-27T11:44:33.343102+00:00,183.949,2.7671494070000002,2.4052662600000003,2.5297259420000002
2026-02-27T11:44:33.544094+00:00,184.15,2.766830511,2.4049504980000003,2.530044242
2026-02-27T11:44:33.717612+00:00,184.323,2.7658738230000006,2.404634736,2.5290893420000002
2026-02-27T11:44:33.903618+00:00,184.509,2.7655549270000006,2.404634736,2.5287710420000002
2026-02-27T11:44:34.090562+00:00,184.696,2.7671494070000002,2.404634736,2.5284527420000003
2026-02-27T11:44:34.305540+00:00,184.911,2.7658738230000006,2.4036874500000005,2.5287710420000002
2026-02-27T11:44:34.508648+00:00,185.114,2.7671494070000002,2.404634736,2.5290893420000002
2026-02-27T11:44:34.709831+00:00,185.316,2.7655549270000006,2.4036874500000005,2.5278161420000003
2026-02-27T11:44:34.911044+00:00,185.517,2.766830511,2.4043189740000006,2.5287710420000002
2026-02-27T11:44:35.111793+00:00,185.718,2.766830511,2.4049504980000003,2.5297259420000002
2026-02-27T11:44:35.315771+00:00,185.922,2.7671494070000002,2.404634736,2.5290893420000002
2026-02-27T11:44:35.519073+00:00,186.125,2.7658738230000006,2.4049504980000003,2.5290893420000002
2026-02-27T11:44:35.719066+00:00,186.325,2.7681060950000003,2.4049504980000003,2.5290893420000002
2026-02-27T11:44:35.924084+00:00,186.53,2.766830511,2.4055820220000004,2.5297259420000002
2026-02-27T11:44:36.129311+00:00,186.735,2.7661927190000006,2.4043189740000006,2.5281344420000003
2026-02-27T11:44:36.328565+00:00,186.934,2.7671494070000002,2.4052662600000003,2.530044242
2026-02-27T11:44:36.528187+00:00,187.134,2.7655549270000006,2.4052662600000003,2.5290893420000002
2026-02-27T11:44:36.733436+00:00,187.339,2.7655549270000006,2.4043189740000006,2.5287710420000002
2026-02-27T11:44:36.904434+00:00,187.51,2.766830511,2.404634736,2.5297259420000002
2026-02-27T11:44:37.107419+00:00,187.713,2.7677871990000003,2.4052662600000003,2.5294076420000002
2026-02-27T11:44:37.308786+00:00,187.915,2.7671494070000002,2.4049504980000003,2.530044242
2026-02-27T11:44:37.481201+00:00,188.087,2.7671494070000002,2.4049504980000003,2.5294076420000002
2026-02-27T11:44:37.697800+00:00,188.304,2.7655549270000006,2.4055820220000004,2.5287710420000002
2026-02-27T11:44:37.873654+00:00,188.479,2.766511615,2.4055820220000004,2.5284527420000003
2026-02-27T11:44:38.086954+00:00,188.693,2.766511615,2.4058977840000004,2.530044242
2026-02-27T11:44:38.261566+00:00,188.867,2.7645982390000006,2.404634736,2.5287710420000002
2026-02-27T11:44:38.475328+00:00,189.081,2.766511615,2.404634736,2.5294076420000002
2026-02-27T11:44:38.676394+00:00,189.282,2.7661927190000006,2.404634736,2.5294076420000002
2026-02-27T11:44:38.880657+00:00,189.486,2.7661927190000006,2.4049504980000003,2.5297259420000002
2026-02-27T11:44:39.081332+00:00,189.687,2.7652360310000006,2.4043189740000006,2.5281344420000003
2026-02-27T11:44:39.285431+00:00,189.891,2.766511615,2.4036874500000005,2.5290893420000002
2026-02-27T11:44:39.500048+00:00,190.106,2.7661927190000006,2.4058977840000004,2.5294076420000002
2026-02-27T11:44:39.702975+00:00,190.309,2.766511615,2.4049504980000003,2.5294076420000002
2026-02-27T11:44:39.905112+00:00,190.511,2.7655549270000006,2.4049504980000003,2.5281344420000003
2026-02-27T11:44:40.075497+00:00,190.681,2.7677871990000003,2.4052662600000003,2.5294076420000002
2026-02-27T11:44:40.282088+00:00,190.888,2.766830511,2.4043189740000006,2.5287710420000002
